ocs_nome;ocs_tipo;ocs_contrato_numero;ocs_inicio_vigencia;ocs_termino_vigencia;especialidades;proc_codigo_dgp;proc_origem;proc_descricao;valor;tabela_referencia;descricao_grupo
CARDIOVITA SERVIÇOS MÉDICOS LTDA;OCS;15/21;2021-12-17;2026-12-17;OUTROS;LOCAL-000001;OCS_LOCAL;Consulta;101.44;;Todas as especialidades
CENTROCOR - CENTRO DE DIAGNÓSTICO E CIRURGIA DO CORAÇÃO LTDA;OCS;01/2023;2023-08-08;2028-08-08;CARDIOLOGISTA;LOCAL-000002;OCS_LOCAL;Consulta eletiva;60.0;;Cardiologia
CENTROCOR - CENTRO DE DIAGNÓSTICO E CIRURGIA DO CORAÇÃO LTDA;OCS;01/2023;2023-08-08;2028-08-08;CARDIOLOGISTA;LOCAL-000003;OCS_LOCAL;ECG;21.0;CBHPM 2012 UCO 14,33;Exames complementares
CENTROCOR - CENTRO DE DIAGNÓSTICO E CIRURGIA DO CORAÇÃO LTDA;OCS;01/2023;2023-08-08;2028-08-08;CARDIOLOGISTA;40901106;TUSS;Ecodopplercardiograma transtorácico;175.0;CBHPM 2012 UCO 14,33;Exames complementares
CENTROCOR - CENTRO DE DIAGNÓSTICO E CIRURGIA DO CORAÇÃO LTDA;OCS;01/2023;2023-08-08;2028-08-08;CARDIOLOGISTA;LOCAL-000004;OCS_LOCAL;Doppler colorido de carótidas e vertebrais;210.0;;Exames complementares
CENTROCOR - CENTRO DE DIAGNÓSTICO E CIRURGIA DO CORAÇÃO LTDA;OCS;01/2023;2023-08-08;2028-08-08;CARDIOLOGISTA;LOCAL-000005;OCS_LOCAL;Teste ergométrico computadorizado;90.3;;Exames complementares
CENTROCOR - CENTRO DE DIAGNÓSTICO E CIRURGIA DO CORAÇÃO LTDA;OCS;01/2023;2023-08-08;2028-08-08;CARDIOLOGISTA;LOCAL-000006;OCS_LOCAL;Mapa monitorização da pressão arterial 24 hs;122.5;;Exames complementares
CENTROCOR - CENTRO DE DIAGNÓSTICO E CIRURGIA DO CORAÇÃO LTDA;OCS;01/2023;2023-08-08;2028-08-08;CARDIOLOGISTA;LOCAL-000007;OCS_LOCAL;Holter de 24 hs;122.5;;Exames complementares
CENTROCOR - CENTRO DE DIAGNÓSTICO E CIRURGIA DO CORAÇÃO LTDA;OCS;01/2023;2023-08-08;2028-08-08;CARDIOLOGISTA;LOCAL-000008;OCS_LOCAL;Avaliação de marca-passo;80.0;;Exames complementares
CENTROCOR - CENTRO DE DIAGNÓSTICO E CIRURGIA DO CORAÇÃO LTDA;OCS;01/2023;2023-08-08;2028-08-08;CARDIOLOGISTA;LOCAL-000009;OCS_LOCAL;Doppler de membros inferiores arterial;150.0;;Exames complementares
CENTROCOR - CENTRO DE DIAGNÓSTICO E CIRURGIA DO CORAÇÃO LTDA;OCS;01/2023;2023-08-08;2028-08-08;CARDIOLOGISTA;LOCAL-000010;OCS_LOCAL;Doppler de membros inferiores venoso;150.0;;Exames complementares
CENTRO ONCOLÓGICO DO VALE;OCS;17/2022;2022-11-03;2027-11-03;OUTROS;LOCAL-000011;OCS_LOCAL;Consulta eletiva;93.06;;Oncologia
CENTRO ONCOLÓGICO DO VALE;OCS;17/2022;2022-11-03;2027-11-03;OUTROS;LOCAL-000012;OCS_LOCAL;Taxa;7.9;;APLICAÇÃO EV – P S/ AMB.
CENTRO ONCOLÓGICO DO VALE;OCS;17/2022;2022-11-03;2027-11-03;OUTROS;LOCAL-000013;OCS_LOCAL;Taxa;7.9;;APLICAÇÃO I.M. – P S/ AMB
CENTRO ONCOLÓGICO DO VALE;OCS;17/2022;2022-11-03;2027-11-03;OUTROS;LOCAL-000014;OCS_LOCAL;Taxa;7.9;;APLICAÇÃO S.C. – P S/ AMB.
CENTRO ONCOLÓGICO DO VALE;OCS;17/2022;2022-11-03;2027-11-03;OUTROS;LOCAL-000015;OCS_LOCAL;Taxa;7.9;;APLICAÇÃO DE SORO – P S/ AMB
CENTRO ONCOLÓGICO DO VALE;OCS;17/2022;2022-11-03;2027-11-03;OUTROS;LOCAL-000016;OCS_LOCAL;Taxa por uso/Sessão;142.0;;Sala de Procedimento Ambulatorial
CLÍNICA ORTOPÉDICA SANTA LUCIA;OCS;04/2023;2023-08-02;2028-08-02;ORTOPEDISTA;LOCAL-000017;OCS_LOCAL;Taxa;45.45;;Curativo pequeno
CLÍNICA ORTOPÉDICA SANTA LUCIA;OCS;04/2023;2023-08-02;2028-08-02;ORTOPEDISTA;LOCAL-000018;OCS_LOCAL;Taxa;66.94;;Curativo médio
CLÍNICA ORTOPÉDICA SANTA LUCIA;OCS;04/2023;2023-08-02;2028-08-02;ORTOPEDISTA;LOCAL-000019;OCS_LOCAL;Taxa;80.29;;Currativo grande
CLÍNICA ORTOPÉDICA SANTA LUCIA;OCS;04/2023;2023-08-02;2028-08-02;ORTOPEDISTA;LOCAL-000020;OCS_LOCAL;Uso;73.49;;Sala de gesso
CLÍNICA ORTOPÉDICA SANTA LUCIA;OCS;04/2023;2023-08-02;2028-08-02;ORTOPEDISTA;LOCAL-000021;OCS_LOCAL;Uso;38.15;;Taxa de imobilização gessada
CLÍNICA ORTOPÉDICA SANTA LUCIA;OCS;04/2023;2023-08-02;2028-08-02;ORTOPEDISTA;LOCAL-000022;OCS_LOCAL;Sessão;44.98;;Terapia Ocupacional
CLÍNICA ORTOPÉDICA SANTA LUCIA;OCS;04/2023;2023-08-02;2028-08-02;ORTOPEDISTA;LOCAL-000023;OCS_LOCAL;Sessão;47.18;;Pilates
CLÍNICA ORTOPÉDICA SANTA LUCIA;OCS;04/2023;2023-08-02;2028-08-02;ORTOPEDISTA;LOCAL-000024;OCS_LOCAL;Sessão;50.0;;RPG
CLÍNICA ORTOPÉDICA SANTA LUCIA;OCS;04/2023;2023-08-02;2028-08-02;ORTOPEDISTA;LOCAL-000025;OCS_LOCAL;Sessão;70.85;;Acupuntura
ORTOPEDIA E FISIOTERAPIA MONTELLO LTDA;OCS;26/2021;2022-03-21;2027-03-21;ORTOPEDISTA;LOCAL-000026;OCS_LOCAL;Consulta eletiva consultório;89.44;;Ortopedia e Traumatologia
ORTOPEDIA E FISIOTERAPIA MONTELLO LTDA;OCS;26/2021;2022-03-21;2027-03-21;ORTOPEDISTA;LOCAL-000027;OCS_LOCAL;Consulta;44.0;;Fsioterapêuta
ORTOPEDIA E FISIOTERAPIA MONTELLO LTDA;OCS;26/2021;2022-03-21;2027-03-21;ORTOPEDISTA;LOCAL-000028;OCS_LOCAL;Sessão;40.0;;RPG
RAAJ8 SERVIÇOS EM OFTALMOLOGIA;OCS;35/2021;2022-02-15;2027-02-15;OUTROS;LOCAL-000029;OCS_LOCAL;Consulta;89.44;;Consulta eletiva consultório
IPMMI-HOSPITAL MATERNO INFANTIL ANTONINHO DA ROCHA MARMO;OCS;32/2021;2022-09-28;2027-09-28;GINECOLOGISTA_OBSTETRA,OUTROS;LOCAL-000030;OCS_LOCAL;Dia;453.6;;APARTAMENTO PRIVATIVO
IPMMI-HOSPITAL MATERNO INFANTIL ANTONINHO DA ROCHA MARMO;OCS;32/2021;2022-09-28;2027-09-28;GINECOLOGISTA_OBSTETRA,OUTROS;LOCAL-000031;OCS_LOCAL;Dia;319.22;;APARTAMENTO PRIVATIVO (PEDIATRIA OU OBSTETRÍCIA)
IPMMI-HOSPITAL MATERNO INFANTIL ANTONINHO DA ROCHA MARMO;OCS;32/2021;2022-09-28;2027-09-28;GINECOLOGISTA_OBSTETRA,OUTROS;LOCAL-000032;OCS_LOCAL;Dia;319.22;;ENFERMARIA
IPMMI-HOSPITAL MATERNO INFANTIL ANTONINHO DA ROCHA MARMO;OCS;32/2021;2022-09-28;2027-09-28;GINECOLOGISTA_OBSTETRA,OUTROS;LOCAL-000033;OCS_LOCAL;Dia;470.92;;ENFERMARIA (PEDIATRIA OU OBSTETRÍCIA)
IPMMI-HOSPITAL MATERNO INFANTIL ANTONINHO DA ROCHA MARMO;OCS;32/2021;2022-09-28;2027-09-28;GINECOLOGISTA_OBSTETRA,OUTROS;LOCAL-000034;OCS_LOCAL;Dia;1028.0;;UTI ADULTO E UTI NEONATAL PEDIATRICA
IPMMI-HOSPITAL MATERNO INFANTIL ANTONINHO DA ROCHA MARMO;OCS;32/2021;2022-09-28;2027-09-28;GINECOLOGISTA_OBSTETRA,OUTROS;LOCAL-000035;OCS_LOCAL;Dia;1082.12;;ISOLAMENTO UTI
IPMMI-HOSPITAL MATERNO INFANTIL ANTONINHO DA ROCHA MARMO;OCS;32/2021;2022-09-28;2027-09-28;GINECOLOGISTA_OBSTETRA,OUTROS;LOCAL-000036;OCS_LOCAL;Dia;470.72;;ISOLAMENTO DE APARTAMENTO
IPMMI-HOSPITAL MATERNO INFANTIL ANTONINHO DA ROCHA MARMO;OCS;32/2021;2022-09-28;2027-09-28;GINECOLOGISTA_OBSTETRA,OUTROS;LOCAL-000037;OCS_LOCAL;Dia;470.72;;ISOLAMENTO DE ENFERMARIA
IPMMI-HOSPITAL MATERNO INFANTIL ANTONINHO DA ROCHA MARMO;OCS;32/2021;2022-09-28;2027-09-28;GINECOLOGISTA_OBSTETRA,OUTROS;LOCAL-000038;OCS_LOCAL;Dia;135.72;;ISOLAMENTO COVID-19 APARTAMENTO
IPMMI-HOSPITAL MATERNO INFANTIL ANTONINHO DA ROCHA MARMO;OCS;32/2021;2022-09-28;2027-09-28;GINECOLOGISTA_OBSTETRA,OUTROS;LOCAL-000039;OCS_LOCAL;Dia;110.56;;ISOLAMENTO COVID-19 ENFERMARIA
IPMMI-HOSPITAL MATERNO INFANTIL ANTONINHO DA ROCHA MARMO;OCS;32/2021;2022-09-28;2027-09-28;GINECOLOGISTA_OBSTETRA,OUTROS;LOCAL-000040;OCS_LOCAL;Uso;115.0;;SALA CIRURGICA PORTE 0
IPMMI-HOSPITAL MATERNO INFANTIL ANTONINHO DA ROCHA MARMO;OCS;32/2021;2022-09-28;2027-09-28;GINECOLOGISTA_OBSTETRA,OUTROS;LOCAL-000041;OCS_LOCAL;Uso;412.12;;SALA CIRURGICA PORTE 1
IPMMI-HOSPITAL MATERNO INFANTIL ANTONINHO DA ROCHA MARMO;OCS;32/2021;2022-09-28;2027-09-28;GINECOLOGISTA_OBSTETRA,OUTROS;LOCAL-000042;OCS_LOCAL;Uso;594.8;;SALA CIRURGICA PORTE 2
IPMMI-HOSPITAL MATERNO INFANTIL ANTONINHO DA ROCHA MARMO;OCS;32/2021;2022-09-28;2027-09-28;GINECOLOGISTA_OBSTETRA,OUTROS;LOCAL-000043;OCS_LOCAL;Uso;708.97;;SALA CIRURGICA PORTE 3
IPMMI-HOSPITAL MATERNO INFANTIL ANTONINHO DA ROCHA MARMO;OCS;32/2021;2022-09-28;2027-09-28;GINECOLOGISTA_OBSTETRA,OUTROS;LOCAL-000044;OCS_LOCAL;Uso;756.05;;SALA CIRURGICA PORTE 4
IPMMI-HOSPITAL MATERNO INFANTIL ANTONINHO DA ROCHA MARMO;OCS;32/2021;2022-09-28;2027-09-28;GINECOLOGISTA_OBSTETRA,OUTROS;LOCAL-000045;OCS_LOCAL;Uso;827.85;;SALA CIRURGICA PORTE 5
IPMMI-HOSPITAL MATERNO INFANTIL ANTONINHO DA ROCHA MARMO;OCS;32/2021;2022-09-28;2027-09-28;GINECOLOGISTA_OBSTETRA,OUTROS;LOCAL-000046;OCS_LOCAL;Uso;873.75;;SALA CIRURGICA PORTE 6
IPMMI-HOSPITAL MATERNO INFANTIL ANTONINHO DA ROCHA MARMO;OCS;32/2021;2022-09-28;2027-09-28;GINECOLOGISTA_OBSTETRA,OUTROS;LOCAL-000047;OCS_LOCAL;Uso;944.37;;SALA CIRURGICA PORTE 7
IPMMI-HOSPITAL MATERNO INFANTIL ANTONINHO DA ROCHA MARMO;OCS;32/2021;2022-09-28;2027-09-28;GINECOLOGISTA_OBSTETRA,OUTROS;LOCAL-000048;OCS_LOCAL;Uso;125.03;;SALA RECUPERACAO POS ANESTESICA
IPMMI-HOSPITAL MATERNO INFANTIL ANTONINHO DA ROCHA MARMO;OCS;32/2021;2022-09-28;2027-09-28;GINECOLOGISTA_OBSTETRA,OUTROS;LOCAL-000049;OCS_LOCAL;Taxa;14.0;;SALA/SESSÃO DE INALAÇÃO/NEBULIZAÇÃO
IPMMI-HOSPITAL MATERNO INFANTIL ANTONINHO DA ROCHA MARMO;OCS;32/2021;2022-09-28;2027-09-28;GINECOLOGISTA_OBSTETRA,OUTROS;LOCAL-000050;OCS_LOCAL;Taxa;70.0;;SALA CIRURGICA, PEQUENA CIRURGIA AMBULATORIAL
IPMMI-HOSPITAL MATERNO INFANTIL ANTONINHO DA ROCHA MARMO;OCS;32/2021;2022-09-28;2027-09-28;GINECOLOGISTA_OBSTETRA,OUTROS;LOCAL-000051;OCS_LOCAL;Taxa;63.0;;USO/SESSÃO DE SALA DE EMERGENCIA
IPMMI-HOSPITAL MATERNO INFANTIL ANTONINHO DA ROCHA MARMO;OCS;32/2021;2022-09-28;2027-09-28;GINECOLOGISTA_OBSTETRA,OUTROS;LOCAL-000052;OCS_LOCAL;Taxa;56.0;;SALA DE PRE PARTO
IPMMI-HOSPITAL MATERNO INFANTIL ANTONINHO DA ROCHA MARMO;OCS;32/2021;2022-09-28;2027-09-28;GINECOLOGISTA_OBSTETRA,OUTROS;LOCAL-000053;OCS_LOCAL;Uso/Sessão;108.21;;SALA DE ENDOSCOPIA DIGESTIVA ALTA
IPMMI-HOSPITAL MATERNO INFANTIL ANTONINHO DA ROCHA MARMO;OCS;32/2021;2022-09-28;2027-09-28;GINECOLOGISTA_OBSTETRA,OUTROS;LOCAL-000054;OCS_LOCAL;Uso/Sessão;108.21;;SALA DE COLONOSCOPIA
IPMMI-HOSPITAL MATERNO INFANTIL ANTONINHO DA ROCHA MARMO;OCS;32/2021;2022-09-28;2027-09-28;GINECOLOGISTA_OBSTETRA,OUTROS;LOCAL-000055;OCS_LOCAL;Uso/Sessão;44.5;;SALA DE GESSO
IPMMI-HOSPITAL MATERNO INFANTIL ANTONINHO DA ROCHA MARMO;OCS;32/2021;2022-09-28;2027-09-28;GINECOLOGISTA_OBSTETRA,OUTROS;LOCAL-000056;OCS_LOCAL;Taxa;245.0;;ARCO CIRÚRGICO(RX COM INTENSIFICADOS DE IMAGENS)
IPMMI-HOSPITAL MATERNO INFANTIL ANTONINHO DA ROCHA MARMO;OCS;32/2021;2022-09-28;2027-09-28;GINECOLOGISTA_OBSTETRA,OUTROS;LOCAL-000057;OCS_LOCAL;Taxa;36.5;;ASPIRADOR CIRÚRGICO
IPMMI-HOSPITAL MATERNO INFANTIL ANTONINHO DA ROCHA MARMO;OCS;32/2021;2022-09-28;2027-09-28;GINECOLOGISTA_OBSTETRA,OUTROS;LOCAL-000058;OCS_LOCAL;Taxa;100.0;;MICROSCÓPIO CIRÚRGICO
IPMMI-HOSPITAL MATERNO INFANTIL ANTONINHO DA ROCHA MARMO;OCS;32/2021;2022-09-28;2027-09-28;GINECOLOGISTA_OBSTETRA,OUTROS;LOCAL-000059;OCS_LOCAL;Taxa;88.0;;CRANIOTOMO
IPMMI-HOSPITAL MATERNO INFANTIL ANTONINHO DA ROCHA MARMO;OCS;32/2021;2022-09-28;2027-09-28;GINECOLOGISTA_OBSTETRA,OUTROS;LOCAL-000060;OCS_LOCAL;Taxa;239.0;;EQUIPAMENTO DE CIRURGIA ESTEREOTÁXICA
IPMMI-HOSPITAL MATERNO INFANTIL ANTONINHO DA ROCHA MARMO;OCS;32/2021;2022-09-28;2027-09-28;GINECOLOGISTA_OBSTETRA,OUTROS;LOCAL-000061;OCS_LOCAL;Taxa;29.0;;LUPA CIRÚRGICA
IPMMI-HOSPITAL MATERNO INFANTIL ANTONINHO DA ROCHA MARMO;OCS;32/2021;2022-09-28;2027-09-28;GINECOLOGISTA_OBSTETRA,OUTROS;LOCAL-000062;OCS_LOCAL;Taxa;26.0;;MANTA TÉRMICA
IPMMI-HOSPITAL MATERNO INFANTIL ANTONINHO DA ROCHA MARMO;OCS;32/2021;2022-09-28;2027-09-28;GINECOLOGISTA_OBSTETRA,OUTROS;LOCAL-000063;OCS_LOCAL;Taxa;24.0;;IRRIGADOR CONTROLADOR CONTÍNUO
IPMMI-HOSPITAL MATERNO INFANTIL ANTONINHO DA ROCHA MARMO;OCS;32/2021;2022-09-28;2027-09-28;GINECOLOGISTA_OBSTETRA,OUTROS;LOCAL-000064;OCS_LOCAL;Taxa;39.0;;CANETA/MOTOR DE BISTURI ELÉTRICO
IPMMI-HOSPITAL MATERNO INFANTIL ANTONINHO DA ROCHA MARMO;OCS;32/2021;2022-09-28;2027-09-28;GINECOLOGISTA_OBSTETRA,OUTROS;LOCAL-000065;OCS_LOCAL;Taxa;19.0;;SERRA DRILL PRESSURIZADO
IPMMI-HOSPITAL MATERNO INFANTIL ANTONINHO DA ROCHA MARMO;OCS;32/2021;2022-09-28;2027-09-28;GINECOLOGISTA_OBSTETRA,OUTROS;LOCAL-000066;OCS_LOCAL;Taxa;27.0;;SERRA DRILL ELÉTRICA
IPMMI-HOSPITAL MATERNO INFANTIL ANTONINHO DA ROCHA MARMO;OCS;32/2021;2022-09-28;2027-09-28;GINECOLOGISTA_OBSTETRA,OUTROS;LOCAL-000067;OCS_LOCAL;Taxa;18.0;;TREPANO / DRILL ELÉTRICA
IPMMI-HOSPITAL MATERNO INFANTIL ANTONINHO DA ROCHA MARMO;OCS;32/2021;2022-09-28;2027-09-28;GINECOLOGISTA_OBSTETRA,OUTROS;LOCAL-000068;OCS_LOCAL;Taxa;19.9;;PERFURADORA ELÉTRICA
IPMMI-HOSPITAL MATERNO INFANTIL ANTONINHO DA ROCHA MARMO;OCS;32/2021;2022-09-28;2027-09-28;GINECOLOGISTA_OBSTETRA,OUTROS;LOCAL-000069;OCS_LOCAL;Taxa;36.5;;ASPIRADOR À VÁCUO
IPMMI-HOSPITAL MATERNO INFANTIL ANTONINHO DA ROCHA MARMO;OCS;32/2021;2022-09-28;2027-09-28;GINECOLOGISTA_OBSTETRA,OUTROS;LOCAL-000070;OCS_LOCAL;Taxa;66.0;;ASPIRADOR DE CATARATA
IPMMI-HOSPITAL MATERNO INFANTIL ANTONINHO DA ROCHA MARMO;OCS;32/2021;2022-09-28;2027-09-28;GINECOLOGISTA_OBSTETRA,OUTROS;LOCAL-000071;OCS_LOCAL;Taxa;32.0;;ASPIRADOR E IRRIGADOR
IPMMI-HOSPITAL MATERNO INFANTIL ANTONINHO DA ROCHA MARMO;OCS;32/2021;2022-09-28;2027-09-28;GINECOLOGISTA_OBSTETRA,OUTROS;LOCAL-000072;OCS_LOCAL;Taxa;54.0;;RAIO X PORTÁTIL
IPMMI-HOSPITAL MATERNO INFANTIL ANTONINHO DA ROCHA MARMO;OCS;32/2021;2022-09-28;2027-09-28;GINECOLOGISTA_OBSTETRA,OUTROS;LOCAL-000073;OCS_LOCAL;Taxa;310.0;;BALÃO INTRA AÓRTICO POR DIA
IPMMI-HOSPITAL MATERNO INFANTIL ANTONINHO DA ROCHA MARMO;OCS;32/2021;2022-09-28;2027-09-28;GINECOLOGISTA_OBSTETRA,OUTROS;LOCAL-000074;OCS_LOCAL;Taxa;188.0;;BOMBA DE CIRCULAÇÃO EXTRACORPÓREA
IPMMI-HOSPITAL MATERNO INFANTIL ANTONINHO DA ROCHA MARMO;OCS;32/2021;2022-09-28;2027-09-28;GINECOLOGISTA_OBSTETRA,OUTROS;LOCAL-000075;OCS_LOCAL;Taxa;76.83;;ENDOSCOPIA DIGESTIVA ALTA COM VIDEO
IPMMI-HOSPITAL MATERNO INFANTIL ANTONINHO DA ROCHA MARMO;OCS;32/2021;2022-09-28;2027-09-28;GINECOLOGISTA_OBSTETRA,OUTROS;LOCAL-000076;OCS_LOCAL;Taxa;76.83;;ENDOSCOPIA UROLÓGICA
IPMMI-HOSPITAL MATERNO INFANTIL ANTONINHO DA ROCHA MARMO;OCS;32/2021;2022-09-28;2027-09-28;GINECOLOGISTA_OBSTETRA,OUTROS;LOCAL-000077;OCS_LOCAL;Taxa;85.0;;MARCA PASSO PROVISÓRIO / TEMPORARIO TRANSCUTANEO
IPMMI-HOSPITAL MATERNO INFANTIL ANTONINHO DA ROCHA MARMO;OCS;32/2021;2022-09-28;2027-09-28;GINECOLOGISTA_OBSTETRA,OUTROS;LOCAL-000078;OCS_LOCAL;Taxa;85.0;;MARCA PASSO PROVISÓRIO / TEMPORARIO TRANSVENOSO
IPMMI-HOSPITAL MATERNO INFANTIL ANTONINHO DA ROCHA MARMO;OCS;32/2021;2022-09-28;2027-09-28;GINECOLOGISTA_OBSTETRA,OUTROS;LOCAL-000079;OCS_LOCAL;Taxa;103.0;;MONITORIZAÇÃO  MULTIPARÂMETRO, POR DIA
IPMMI-HOSPITAL MATERNO INFANTIL ANTONINHO DA ROCHA MARMO;OCS;32/2021;2022-09-28;2027-09-28;GINECOLOGISTA_OBSTETRA,OUTROS;LOCAL-000080;OCS_LOCAL;Taxa;56.0;;ULTRASSON FETAL PORTÁTIL
IPMMI-HOSPITAL MATERNO INFANTIL ANTONINHO DA ROCHA MARMO;OCS;32/2021;2022-09-28;2027-09-28;GINECOLOGISTA_OBSTETRA,OUTROS;LOCAL-000081;OCS_LOCAL;Taxa;14.0;;BOMBA DE SUCÇÃO DE LEITE MATERNO, POR USO/ SESSÃO
IPMMI-HOSPITAL MATERNO INFANTIL ANTONINHO DA ROCHA MARMO;OCS;32/2021;2022-09-28;2027-09-28;GINECOLOGISTA_OBSTETRA,OUTROS;LOCAL-000082;OCS_LOCAL;Taxa;26.5;;BOMBA DE PCA, POR USO / SESSÃO
IPMMI-HOSPITAL MATERNO INFANTIL ANTONINHO DA ROCHA MARMO;OCS;32/2021;2022-09-28;2027-09-28;GINECOLOGISTA_OBSTETRA,OUTROS;LOCAL-000083;OCS_LOCAL;Taxa;41.1;;MONITOR  / MONITORIZAÇÃO DE CARDIOTOCOGRAFIA, POR USO/ SESSÃO
IPMMI-HOSPITAL MATERNO INFANTIL ANTONINHO DA ROCHA MARMO;OCS;32/2021;2022-09-28;2027-09-28;GINECOLOGISTA_OBSTETRA,OUTROS;LOCAL-000084;OCS_LOCAL;Taxa;22.2;;SONAR, POR USO
IPMMI-HOSPITAL MATERNO INFANTIL ANTONINHO DA ROCHA MARMO;OCS;32/2021;2022-09-28;2027-09-28;GINECOLOGISTA_OBSTETRA,OUTROS;LOCAL-000085;OCS_LOCAL;Taxa;106.0;;SERRA DRILL DE NITROGENIO, POR USO
IPMMI-HOSPITAL MATERNO INFANTIL ANTONINHO DA ROCHA MARMO;OCS;32/2021;2022-09-28;2027-09-28;GINECOLOGISTA_OBSTETRA,OUTROS;LOCAL-000086;OCS_LOCAL;Taxa;28.2;;HALO CRANIANO, POR USO
IPMMI-HOSPITAL MATERNO INFANTIL ANTONINHO DA ROCHA MARMO;OCS;32/2021;2022-09-28;2027-09-28;GINECOLOGISTA_OBSTETRA,OUTROS;LOCAL-000087;OCS_LOCAL;Taxa;386.0;;HISTEROSCOPIA COM VIDEO
IPMMI-HOSPITAL MATERNO INFANTIL ANTONINHO DA ROCHA MARMO;OCS;32/2021;2022-09-28;2027-09-28;GINECOLOGISTA_OBSTETRA,OUTROS;LOCAL-000088;OCS_LOCAL;Taxa;427.94;;VIDEO LAPAROSCOPIA CIRURGICA
IPMMI-HOSPITAL MATERNO INFANTIL ANTONINHO DA ROCHA MARMO;OCS;32/2021;2022-09-28;2027-09-28;GINECOLOGISTA_OBSTETRA,OUTROS;LOCAL-000089;OCS_LOCAL;Taxa;15.79;;MONITOR DE VÍDEO
IPMMI-HOSPITAL MATERNO INFANTIL ANTONINHO DA ROCHA MARMO;OCS;32/2021;2022-09-28;2027-09-28;GINECOLOGISTA_OBSTETRA,OUTROS;LOCAL-000090;OCS_LOCAL;Taxa;12.48;;GARROTE PNEUMÁTCO
IPMMI-HOSPITAL MATERNO INFANTIL ANTONINHO DA ROCHA MARMO;OCS;32/2021;2022-09-28;2027-09-28;GINECOLOGISTA_OBSTETRA,OUTROS;LOCAL-000091;OCS_LOCAL;Taxa;47.35;;INTENSIFICADOR DE IMAGEM
IPMMI-HOSPITAL MATERNO INFANTIL ANTONINHO DA ROCHA MARMO;OCS;32/2021;2022-09-28;2027-09-28;GINECOLOGISTA_OBSTETRA,OUTROS;LOCAL-000092;OCS_LOCAL;Hora;9.7;;AR COMPRIMIDO
IPMMI-HOSPITAL MATERNO INFANTIL ANTONINHO DA ROCHA MARMO;OCS;32/2021;2022-09-28;2027-09-28;GINECOLOGISTA_OBSTETRA,OUTROS;LOCAL-000093;OCS_LOCAL;Sessão;16.0;;INALAÇÃO - NEBULIZAÇÃO COM OXIGENIO - SESSÃO
IPMMI-HOSPITAL MATERNO INFANTIL ANTONINHO DA ROCHA MARMO;OCS;32/2021;2022-09-28;2027-09-28;GINECOLOGISTA_OBSTETRA,OUTROS;LOCAL-000094;OCS_LOCAL;Hora;23.8;;INALAÇÃO COM AR COMPRIMIDO E OXIGÊNIO
IPMMI-HOSPITAL MATERNO INFANTIL ANTONINHO DA ROCHA MARMO;OCS;32/2021;2022-09-28;2027-09-28;GINECOLOGISTA_OBSTETRA,OUTROS;LOCAL-000095;OCS_LOCAL;Sessão;18.966;;INALAÇÃO COM AR COMPRIMIDO
IPMMI-HOSPITAL MATERNO INFANTIL ANTONINHO DA ROCHA MARMO;OCS;32/2021;2022-09-28;2027-09-28;GINECOLOGISTA_OBSTETRA,OUTROS;LOCAL-000096;OCS_LOCAL;Hora;23.0;;NITROGENIO - HORA
IPMMI-HOSPITAL MATERNO INFANTIL ANTONINHO DA ROCHA MARMO;OCS;32/2021;2022-09-28;2027-09-28;GINECOLOGISTA_OBSTETRA,OUTROS;LOCAL-000097;OCS_LOCAL;Hora;35.0;;GÁS CARBÔNICO
IPMMI-HOSPITAL MATERNO INFANTIL ANTONINHO DA ROCHA MARMO;OCS;32/2021;2022-09-28;2027-09-28;GINECOLOGISTA_OBSTETRA,OUTROS;LOCAL-000098;OCS_LOCAL;Hora;37.99;;ÓXIDO NITROSO
IPMMI-HOSPITAL MATERNO INFANTIL ANTONINHO DA ROCHA MARMO;OCS;32/2021;2022-09-28;2027-09-28;GINECOLOGISTA_OBSTETRA,OUTROS;LOCAL-000099;OCS_LOCAL;Hora;115.0;;HÉLIO
IPMMI-HOSPITAL MATERNO INFANTIL ANTONINHO DA ROCHA MARMO;OCS;32/2021;2022-09-28;2027-09-28;GINECOLOGISTA_OBSTETRA,OUTROS;LOCAL-000100;OCS_LOCAL;Uso/Sessão;95.0;;HÉLIO FORA DA UTI/SEMI-UTI e CC
IPMMI-HOSPITAL MATERNO INFANTIL ANTONINHO DA ROCHA MARMO;OCS;32/2021;2022-09-28;2027-09-28;GINECOLOGISTA_OBSTETRA,OUTROS;LOCAL-000101;OCS_LOCAL;Dia;41.12;;APARELHO DE BIPAP
IPMMI-HOSPITAL MATERNO INFANTIL ANTONINHO DA ROCHA MARMO;OCS;32/2021;2022-09-28;2027-09-28;GINECOLOGISTA_OBSTETRA,OUTROS;LOCAL-000102;OCS_LOCAL;Dia;28.2;;CAPNOGRAFO
IPMMI-HOSPITAL MATERNO INFANTIL ANTONINHO DA ROCHA MARMO;OCS;32/2021;2022-09-28;2027-09-28;GINECOLOGISTA_OBSTETRA,OUTROS;LOCAL-000103;OCS_LOCAL;Uso;43.0;;DESFIBRILADOR / CARDIOVERSOR
IPMMI-HOSPITAL MATERNO INFANTIL ANTONINHO DA ROCHA MARMO;OCS;32/2021;2022-09-28;2027-09-28;GINECOLOGISTA_OBSTETRA,OUTROS;LOCAL-000104;OCS_LOCAL;Dia;28.9;;MONITOR CARDIACO/ECG FORA DA UTI e CC
IPMMI-HOSPITAL MATERNO INFANTIL ANTONINHO DA ROCHA MARMO;OCS;32/2021;2022-09-28;2027-09-28;GINECOLOGISTA_OBSTETRA,OUTROS;LOCAL-000105;OCS_LOCAL;Dia;87.2;;MONITOR DE PRESSAO INTRACRANIANA
IPMMI-HOSPITAL MATERNO INFANTIL ANTONINHO DA ROCHA MARMO;OCS;32/2021;2022-09-28;2027-09-28;GINECOLOGISTA_OBSTETRA,OUTROS;LOCAL-000106;OCS_LOCAL;Hora;5.6;;OXIMETRO DE PULSO
IPMMI-HOSPITAL MATERNO INFANTIL ANTONINHO DA ROCHA MARMO;OCS;32/2021;2022-09-28;2027-09-28;GINECOLOGISTA_OBSTETRA,OUTROS;LOCAL-000107;OCS_LOCAL;Dia;41.12;;RESPIRADOR VOLUMETRICO
IPMMI-HOSPITAL MATERNO INFANTIL ANTONINHO DA ROCHA MARMO;OCS;32/2021;2022-09-28;2027-09-28;GINECOLOGISTA_OBSTETRA,OUTROS;LOCAL-000108;OCS_LOCAL;Hora;9.0;;RESPIRADOR VOLUMETRICO
IPMMI-HOSPITAL MATERNO INFANTIL ANTONINHO DA ROCHA MARMO;OCS;32/2021;2022-09-28;2027-09-28;GINECOLOGISTA_OBSTETRA,OUTROS;LOCAL-000109;OCS_LOCAL;Uso/Sessão;28.8;;ENTUBAÇÃO OROTRAQUEAL
IPMMI-HOSPITAL MATERNO INFANTIL ANTONINHO DA ROCHA MARMO;OCS;32/2021;2022-09-28;2027-09-28;GINECOLOGISTA_OBSTETRA,OUTROS;LOCAL-000110;OCS_LOCAL;Taxa;25.8;;LAVAGEM GASTRICA - APTO PS/AMB
IPMMI-HOSPITAL MATERNO INFANTIL ANTONINHO DA ROCHA MARMO;OCS;32/2021;2022-09-28;2027-09-28;GINECOLOGISTA_OBSTETRA,OUTROS;LOCAL-000111;OCS_LOCAL;Taxa;25.4;;LAVAGEM RETO/INTESTINAL FORA DA UTI/SEMI-UTI e CC
IPMMI-HOSPITAL MATERNO INFANTIL ANTONINHO DA ROCHA MARMO;OCS;32/2021;2022-09-28;2027-09-28;GINECOLOGISTA_OBSTETRA,OUTROS;LOCAL-000112;OCS_LOCAL;Taxa;8.38;;LAVAGEM OUVIDO FORA DA UTI/SEMI-UTI e CC
IPMMI-HOSPITAL MATERNO INFANTIL ANTONINHO DA ROCHA MARMO;OCS;32/2021;2022-09-28;2027-09-28;GINECOLOGISTA_OBSTETRA,OUTROS;LOCAL-000113;OCS_LOCAL;Taxa;18.0;;LAVAGEM VESICAL
IPMMI-HOSPITAL MATERNO INFANTIL ANTONINHO DA ROCHA MARMO;OCS;32/2021;2022-09-28;2027-09-28;GINECOLOGISTA_OBSTETRA,OUTROS;LOCAL-000114;OCS_LOCAL;Dia;35.42;;NUTRICAO ENTERAL - UTI - INSTALAÇÃO
IPMMI-HOSPITAL MATERNO INFANTIL ANTONINHO DA ROCHA MARMO;OCS;32/2021;2022-09-28;2027-09-28;GINECOLOGISTA_OBSTETRA,OUTROS;LOCAL-000115;OCS_LOCAL;Dia;44.66;;NUTRICAO PARENTERAL -UTI - INSTALAÇÃO
IPMMI-HOSPITAL MATERNO INFANTIL ANTONINHO DA ROCHA MARMO;OCS;32/2021;2022-09-28;2027-09-28;GINECOLOGISTA_OBSTETRA,OUTROS;LOCAL-000116;OCS_LOCAL;Taxa;13.5;;RETIRADA DE PONTOS
IPMMI-HOSPITAL MATERNO INFANTIL ANTONINHO DA ROCHA MARMO;OCS;32/2021;2022-09-28;2027-09-28;GINECOLOGISTA_OBSTETRA,OUTROS;LOCAL-000117;OCS_LOCAL;Sessão;26.0;;SONDAGEM/CATETERISMO GASTRICA FORA DA UTI/SEMI-UTI e CC
IPMMI-HOSPITAL MATERNO INFANTIL ANTONINHO DA ROCHA MARMO;OCS;32/2021;2022-09-28;2027-09-28;GINECOLOGISTA_OBSTETRA,OUTROS;LOCAL-000118;OCS_LOCAL;Taxa;7.2;;APLICACAO DE INJECAO (EV) - PS/AMB
IPMMI-HOSPITAL MATERNO INFANTIL ANTONINHO DA ROCHA MARMO;OCS;32/2021;2022-09-28;2027-09-28;GINECOLOGISTA_OBSTETRA,OUTROS;LOCAL-000119;OCS_LOCAL;Taxa;7.2;;APLICACAO DE INJECAO (IM) - PS/AMB
IPMMI-HOSPITAL MATERNO INFANTIL ANTONINHO DA ROCHA MARMO;OCS;32/2021;2022-09-28;2027-09-28;GINECOLOGISTA_OBSTETRA,OUTROS;LOCAL-000120;OCS_LOCAL;Taxa;7.2;;APLICACAO SUBCUTANEA - OS/AMB
IPMMI-HOSPITAL MATERNO INFANTIL ANTONINHO DA ROCHA MARMO;OCS;32/2021;2022-09-28;2027-09-28;GINECOLOGISTA_OBSTETRA,OUTROS;LOCAL-000121;OCS_LOCAL;Taxa;8.5;;APLICAÇÃO DE SORO - PS/AMB
IPMMI-HOSPITAL MATERNO INFANTIL ANTONINHO DA ROCHA MARMO;OCS;32/2021;2022-09-28;2027-09-28;GINECOLOGISTA_OBSTETRA,OUTROS;LOCAL-000122;OCS_LOCAL;Taxa;45.0;;CURATIVO GRANDE
IPMMI-HOSPITAL MATERNO INFANTIL ANTONINHO DA ROCHA MARMO;OCS;32/2021;2022-09-28;2027-09-28;GINECOLOGISTA_OBSTETRA,OUTROS;LOCAL-000123;OCS_LOCAL;Taxa;29.0;;CURATIVO MEDIO
IPMMI-HOSPITAL MATERNO INFANTIL ANTONINHO DA ROCHA MARMO;OCS;32/2021;2022-09-28;2027-09-28;GINECOLOGISTA_OBSTETRA,OUTROS;LOCAL-000124;OCS_LOCAL;Taxa;23.0;;CURATIVO PEQUENO
IPMMI-HOSPITAL MATERNO INFANTIL ANTONINHO DA ROCHA MARMO;OCS;32/2021;2022-09-28;2027-09-28;GINECOLOGISTA_OBSTETRA,OUTROS;LOCAL-000125;OCS_LOCAL;Taxa;51.6;;CURATIVO QUEIMADO GRANDE
IPMMI-HOSPITAL MATERNO INFANTIL ANTONINHO DA ROCHA MARMO;OCS;32/2021;2022-09-28;2027-09-28;GINECOLOGISTA_OBSTETRA,OUTROS;LOCAL-000126;OCS_LOCAL;Taxa;46.0;;CURATIVO QUEIMADO MÉDIO
IPMMI-HOSPITAL MATERNO INFANTIL ANTONINHO DA ROCHA MARMO;OCS;32/2021;2022-09-28;2027-09-28;GINECOLOGISTA_OBSTETRA,OUTROS;LOCAL-000127;OCS_LOCAL;Taxa;33.0;;CURATIVO QUEIMADO PEQUENO
IPMMI-HOSPITAL MATERNO INFANTIL ANTONINHO DA ROCHA MARMO;OCS;32/2021;2022-09-28;2027-09-28;GINECOLOGISTA_OBSTETRA,OUTROS;LOCAL-000128;OCS_LOCAL;Taxa;26.8;;CURATIVO OFTALMOLÓGICO, FECHADO, NÃO CONTAMINADO FORA DA UTI/SEMI-UTI e CC
IPMMI-HOSPITAL MATERNO INFANTIL ANTONINHO DA ROCHA MARMO;OCS;32/2021;2022-09-28;2027-09-28;GINECOLOGISTA_OBSTETRA,OUTROS;LOCAL-000129;OCS_LOCAL;Hora;5.7;;BERCO AQUECIDO - POR HORA
IPMMI-HOSPITAL MATERNO INFANTIL ANTONINHO DA ROCHA MARMO;OCS;32/2021;2022-09-28;2027-09-28;GINECOLOGISTA_OBSTETRA,OUTROS;LOCAL-000130;OCS_LOCAL;Hora;28.0;;BOMBA DE INFUSAO - POR HORA
IPMMI-HOSPITAL MATERNO INFANTIL ANTONINHO DA ROCHA MARMO;OCS;32/2021;2022-09-28;2027-09-28;GINECOLOGISTA_OBSTETRA,OUTROS;LOCAL-000131;OCS_LOCAL;Hora;5.63;;FOTOTERAPIA - POR HORA
IPMMI-HOSPITAL MATERNO INFANTIL ANTONINHO DA ROCHA MARMO;OCS;32/2021;2022-09-28;2027-09-28;GINECOLOGISTA_OBSTETRA,OUTROS;LOCAL-000132;OCS_LOCAL;Hora;5.63;;INCUBADORA - POR HORA
IPMMI-HOSPITAL MATERNO INFANTIL ANTONINHO DA ROCHA MARMO;OCS;32/2021;2022-09-28;2027-09-28;GINECOLOGISTA_OBSTETRA,OUTROS;LOCAL-000133;OCS_LOCAL;Dia;25.0;;TRACAO ESQUELETICA - DIA
IPMMI-HOSPITAL MATERNO INFANTIL ANTONINHO DA ROCHA MARMO;OCS;32/2021;2022-09-28;2027-09-28;GINECOLOGISTA_OBSTETRA,OUTROS;LOCAL-000134;OCS_LOCAL;Taxa;13.3;;OBSERVACAO EM PRONTO SOCORRO ATÉ 6 HORAS
IPMMI-HOSPITAL MATERNO INFANTIL ANTONINHO DA ROCHA MARMO;OCS;32/2021;2022-09-28;2027-09-28;GINECOLOGISTA_OBSTETRA,OUTROS;LOCAL-000135;OCS_LOCAL;Taxa;32.23;;SALA OBSERVACAO PRONTO SOCORRO ATÉ 12 HORAS
IPMMI-HOSPITAL MATERNO INFANTIL ANTONINHO DA ROCHA MARMO;OCS;32/2021;2022-09-28;2027-09-28;GINECOLOGISTA_OBSTETRA,OUTROS;LOCAL-000136;OCS_LOCAL;Taxa;35.0;;IMOBILIZAÇÃO GESSADA
IPMMI-HOSPITAL MATERNO INFANTIL ANTONINHO DA ROCHA MARMO;OCS;32/2021;2022-09-28;2027-09-28;GINECOLOGISTA_OBSTETRA,OUTROS;LOCAL-000137;OCS_LOCAL;Taxa;10.7;;ATENDIMENTO FISIÁTRICO NO PRÉ E PÓS-OPERATÓRIO DE PACIENTES PARA PREVENÇÃO DE SEQUELAS
IPMMI-HOSPITAL MATERNO INFANTIL ANTONINHO DA ROCHA MARMO;OCS;32/2021;2022-09-28;2027-09-28;GINECOLOGISTA_OBSTETRA,OUTROS;LOCAL-000138;OCS_LOCAL;Taxa;10.7;;ASSISTÊNCIA FISIÁTRICA E RESPIRATÓRIA EM DOENTE CLÍNICO INTERNADO
IPMMI-HOSPITAL MATERNO INFANTIL ANTONINHO DA ROCHA MARMO;OCS;32/2021;2022-09-28;2027-09-28;GINECOLOGISTA_OBSTETRA,OUTROS;LOCAL-000139;OCS_LOCAL;Taxa;11.7;;ASSISTÊNCIA FISIÁTRICA E RESPIRATÓRIA EM DOENTE CLÍNICO INTERNADO COM VENTILAÇÃO MECÂNICA
IPMMI-HOSPITAL MATERNO INFANTIL ANTONINHO DA ROCHA MARMO;OCS;32/2021;2022-09-28;2027-09-28;GINECOLOGISTA_OBSTETRA,OUTROS;LOCAL-000140;OCS_LOCAL;Taxa;100.0;;OTOEMISSÕES EVACADAS TRANSIENTES
IPMMI-HOSPITAL MATERNO INFANTIL ANTONINHO DA ROCHA MARMO;OCS;32/2021;2022-09-28;2027-09-28;GINECOLOGISTA_OBSTETRA,OUTROS;LOCAL-000141;OCS_LOCAL;Taxa;48.0;;TESTE DO REFLEXO VERMELHO EM RECEM NATO (TESTE DO OLHINHO)
IPMMI-HOSPITAL MATERNO INFANTIL ANTONINHO DA ROCHA MARMO;OCS;32/2021;2022-09-28;2027-09-28;GINECOLOGISTA_OBSTETRA,OUTROS;LOCAL-000142;OCS_LOCAL;Taxa;15.0;;OXIMETRIA
IPMMI-HOSPITAL MATERNO INFANTIL ANTONINHO DA ROCHA MARMO;OCS;32/2021;2022-09-28;2027-09-28;GINECOLOGISTA_OBSTETRA,OUTROS;LOCAL-000143;OCS_LOCAL;Taxa;300.0;;PKU (TESTE DO PEZINHO MASTER)
IPMMI-HOSPITAL MATERNO INFANTIL ANTONINHO DA ROCHA MARMO;OCS;32/2021;2022-09-28;2027-09-28;GINECOLOGISTA_OBSTETRA,OUTROS;LOCAL-000144;OCS_LOCAL;Taxa;200.0;;TESTE DO PEZINHO (AMPLIADO)
IPMMI-HOSPITAL MATERNO INFANTIL ANTONINHO DA ROCHA MARMO;OCS;32/2021;2022-09-28;2027-09-28;GINECOLOGISTA_OBSTETRA,OUTROS;LOCAL-000145;OCS_LOCAL;Taxa;150.0;;TESTE DO PEZINHO BÁSICO
IPMMI-HOSPITAL MATERNO INFANTIL ANTONINHO DA ROCHA MARMO;OCS;32/2021;2022-09-28;2027-09-28;GINECOLOGISTA_OBSTETRA,OUTROS;LOCAL-000146;OCS_LOCAL;Consulta;35.0;;FONOAUDIOLOGIA
IPMMI-HOSPITAL MATERNO INFANTIL ANTONINHO DA ROCHA MARMO;OCS;32/2021;2022-09-28;2027-09-28;GINECOLOGISTA_OBSTETRA,OUTROS;LOCAL-000147;OCS_LOCAL;Sessão;16.5;;FONOAUDIOLOGIA
IPMMI-HOSPITAL MATERNO INFANTIL ANTONINHO DA ROCHA MARMO;OCS;32/2021;2022-09-28;2027-09-28;GINECOLOGISTA_OBSTETRA,OUTROS;LOCAL-000148;OCS_LOCAL;Inclui consulta;220.0;;AVALIAÇÃO NUTROLÓGICA
IPMMI-HOSPITAL MATERNO INFANTIL ANTONINHO DA ROCHA MARMO;OCS;32/2021;2022-09-28;2027-09-28;GINECOLOGISTA_OBSTETRA,OUTROS;LOCAL-000149;OCS_LOCAL;Detecção Qualitativa para Coronavirus;250.0;;DA-NCOVMi Detecção Qualitativa para Coronavirus (2019-nCoV)
IPMMI-HOSPITAL MATERNO INFANTIL ANTONINHO DA ROCHA MARMO;OCS;32/2021;2022-09-28;2027-09-28;GINECOLOGISTA_OBSTETRA,OUTROS;LOCAL-000150;OCS_LOCAL;Adenovirus, Bocavirus, Coronavirus, HKUI, Coronavirus NL63, Coronavirus 229E, Coronavirus OC43, Enterovirus, Influenza A, Influenza A/H1N1, Influenza H, Metapneumovirus, Humano A/B, Parainfluenza 1, Parainfluenza 2, Parainfluenza 3, Parainfluenza 4, Parechovirus, Rinovirus, virus sincicial respiratório A/B e Mycoplasma pneumoniase;450.0;;Painel respiratório DA-PVRSMi Painel VR (Mobilus)
IPMMI-HOSPITAL MATERNO INFANTIL ANTONINHO DA ROCHA MARMO;OCS;32/2021;2022-09-28;2027-09-28;GINECOLOGISTA_OBSTETRA,OUTROS;LOCAL-000151;OCS_LOCAL;(Coronavirus COVID-19), pesquisa de anticorpos IgA, IgG ou IgM, isolada por classe de imunoglobulina;200.0;;SARS-COV-2
IPMMI-HOSPITAL MATERNO INFANTIL ANTONINHO DA ROCHA MARMO;OCS;32/2021;2022-09-28;2027-09-28;GINECOLOGISTA_OBSTETRA,OUTROS;LOCAL-000152;OCS_LOCAL;(Coronavirus COVID-19), pesquisa de anticorpos Totais (IgA, IgG ou IgM);200.0;;SARS-COV-2
IPMMI-HOSPITAL MATERNO INFANTIL ANTONINHO DA ROCHA MARMO;OCS;32/2021;2022-09-28;2027-09-28;GINECOLOGISTA_OBSTETRA,OUTROS;LOCAL-000153;OCS_LOCAL;Pesquisa e ou dosagem;43.0;;TROPONINA
IPMMI-HOSPITAL MATERNO INFANTIL ANTONINHO DA ROCHA MARMO;OCS;32/2021;2022-09-28;2027-09-28;GINECOLOGISTA_OBSTETRA,OUTROS;LOCAL-000154;OCS_LOCAL;Pesquisa e ou dosagem;95.0;;DIMERO - D
IPMMI-HOSPITAL MATERNO INFANTIL ANTONINHO DA ROCHA MARMO;OCS;32/2021;2022-09-28;2027-09-28;GINECOLOGISTA_OBSTETRA,OUTROS;LOCAL-000155;OCS_LOCAL;40324605;95.0;;VIRUS ZIKA - IgM
IPMMI-HOSPITAL MATERNO INFANTIL ANTONINHO DA ROCHA MARMO;OCS;32/2021;2022-09-28;2027-09-28;GINECOLOGISTA_OBSTETRA,OUTROS;LOCAL-000156;OCS_LOCAL;40324591;95.0;;VIRUS ZIKA - IgG
L&L PSICOLOGIA LTDA;OCS;13/2022;2022-08-25;2027-08-25;OUTROS;LOCAL-000157;OCS_LOCAL;Sessão;65.4;;Psicoterapia individual por psicólogo
HOME CARE SILVA E SILVA ASSISTÊNCIA A SAÚDE;OCS;12/2022;2022-07-14;2027-07-14;OUTROS;LOCAL-000158;OCS_LOCAL;"1 (uma) visita semanal do Enfermeiro; 	2 (dois) atendimentos semanais do Fisioterapeuta; 	1 (uma) visita mensal do Médico; 1 (um) atendimento semanal do Fonoaudiólogo; 1 (uma) visita mensal do Nutricionista";207.1;;PERMANÊNCIA DE 6h
HOME CARE SILVA E SILVA ASSISTÊNCIA A SAÚDE;OCS;12/2022;2022-07-14;2027-07-14;OUTROS;LOCAL-000159;OCS_LOCAL;"1 (uma) visita semanal do Enfermeiro; 	3 (três) atendimentos semanais do Fisioterapeuta;	1 (uma) visita quinzenal do Médico;1 (uma) visita mensal do Psicólogo quando solicitado pelo médico; 1 (um) atendimento semanal do Fonoaudiólogo; 1 (uma) visita mensal do Nutricionista";331.36;;PERMANÊNCIA DE 12h
HOME CARE SILVA E SILVA ASSISTÊNCIA A SAÚDE;OCS;12/2022;2022-07-14;2027-07-14;OUTROS;LOCAL-000160;OCS_LOCAL;"1 (uma) visita semanal do Enfermeiro;	5 (cinco) atendimentos semanais do Fisioterapeuta;	1 (uma) visita semanal do Médico; 1 (uma) visita mensal do Psicólogo quando solicitado pelo médico; 2 (dois) atendimentos semanais do Fonoaudiólog;	1 (uma) visita quinzenal do Nutricionista";551.54;;PERMANÊNCIA DE 24h
HOME CARE SILVA E SILVA ASSISTÊNCIA A SAÚDE;OCS;12/2022;2022-07-14;2027-07-14;OUTROS;LOCAL-000161;OCS_LOCAL;Atendimento;71.94;;ASSISTENTE SOCIAL
HOME CARE SILVA E SILVA ASSISTÊNCIA A SAÚDE;OCS;12/2022;2022-07-14;2027-07-14;OUTROS;LOCAL-000162;OCS_LOCAL;Visita;76.3;;ENFERMEIRO
HOME CARE SILVA E SILVA ASSISTÊNCIA A SAÚDE;OCS;12/2022;2022-07-14;2027-07-14;OUTROS;LOCAL-000163;OCS_LOCAL;Procedimento;76.3;;ENFERMEIRO
HOME CARE SILVA E SILVA ASSISTÊNCIA A SAÚDE;OCS;12/2022;2022-07-14;2027-07-14;OUTROS;LOCAL-000164;OCS_LOCAL;Atendimento;45.78;;FISIOTERAPEUTA
HOME CARE SILVA E SILVA ASSISTÊNCIA A SAÚDE;OCS;12/2022;2022-07-14;2027-07-14;OUTROS;LOCAL-000165;OCS_LOCAL;Atendimento;56.68;;FONOAUDIOLOGISTA
HOME CARE SILVA E SILVA ASSISTÊNCIA A SAÚDE;OCS;12/2022;2022-07-14;2027-07-14;OUTROS;LOCAL-000166;OCS_LOCAL;Visita;272.5;;MÉDICO
HOME CARE SILVA E SILVA ASSISTÊNCIA A SAÚDE;OCS;12/2022;2022-07-14;2027-07-14;OUTROS;LOCAL-000167;OCS_LOCAL;Atendimento Pré-Hospitalar;392.4;;MÉDICO
HOME CARE SILVA E SILVA ASSISTÊNCIA A SAÚDE;OCS;12/2022;2022-07-14;2027-07-14;OUTROS;LOCAL-000168;OCS_LOCAL;Atendimento;49.05;;NUTRICIONISTA
HOME CARE SILVA E SILVA ASSISTÊNCIA A SAÚDE;OCS;12/2022;2022-07-14;2027-07-14;OUTROS;LOCAL-000169;OCS_LOCAL;Atendimento;71.94;;PSICÓLOGO
HOME CARE SILVA E SILVA ASSISTÊNCIA A SAÚDE;OCS;12/2022;2022-07-14;2027-07-14;OUTROS;LOCAL-000170;OCS_LOCAL;2 h;54.5;;TÉCNICO DE ENFERMAGEM
HOME CARE SILVA E SILVA ASSISTÊNCIA A SAÚDE;OCS;12/2022;2022-07-14;2027-07-14;OUTROS;LOCAL-000171;OCS_LOCAL;Atendimento;71.94;;TERAPEUTA OCUPACIONAL
HOME CARE SILVA E SILVA ASSISTÊNCIA A SAÚDE;OCS;12/2022;2022-07-14;2027-07-14;OUTROS;LOCAL-000172;OCS_LOCAL;Preço/dia;17.44;;Air – Sep + Backup (Inalador p/ Concentrador O2)
HOME CARE SILVA E SILVA ASSISTÊNCIA A SAÚDE;OCS;12/2022;2022-07-14;2027-07-14;OUTROS;LOCAL-000173;OCS_LOCAL;Preço/dia;0.82;;Ambú Borracha Adulto
HOME CARE SILVA E SILVA ASSISTÊNCIA A SAÚDE;OCS;12/2022;2022-07-14;2027-07-14;OUTROS;LOCAL-000174;OCS_LOCAL;Preço/dia;0.73;;Ambú Borracha Infantil
HOME CARE SILVA E SILVA ASSISTÊNCIA A SAÚDE;OCS;12/2022;2022-07-14;2027-07-14;OUTROS;LOCAL-000175;OCS_LOCAL;Preço/dia;0.93;;Ambú Silicone Adulto
HOME CARE SILVA E SILVA ASSISTÊNCIA A SAÚDE;OCS;12/2022;2022-07-14;2027-07-14;OUTROS;LOCAL-000176;OCS_LOCAL;Preço/dia;0.84;;Ambú Silicone Infantil
HOME CARE SILVA E SILVA ASSISTÊNCIA A SAÚDE;OCS;12/2022;2022-07-14;2027-07-14;OUTROS;LOCAL-000177;OCS_LOCAL;Preço/dia;1.82;;Andador Articulado Alumínio
HOME CARE SILVA E SILVA ASSISTÊNCIA A SAÚDE;OCS;12/2022;2022-07-14;2027-07-14;OUTROS;LOCAL-000178;OCS_LOCAL;Preço/dia;2.06;;Andador Articulado Cromado
HOME CARE SILVA E SILVA ASSISTÊNCIA A SAÚDE;OCS;12/2022;2022-07-14;2027-07-14;OUTROS;LOCAL-000179;OCS_LOCAL;Preço/dia;1.09;;Aparelho de Pressão Adulto
HOME CARE SILVA E SILVA ASSISTÊNCIA A SAÚDE;OCS;12/2022;2022-07-14;2027-07-14;OUTROS;LOCAL-000180;OCS_LOCAL;Preço/dia;1.09;;Aparelho de Pressão Infantil
HOME CARE SILVA E SILVA ASSISTÊNCIA A SAÚDE;OCS;12/2022;2022-07-14;2027-07-14;OUTROS;LOCAL-000181;OCS_LOCAL;Preço/dia;1.09;;Aparelho de Pressão Neonatal
HOME CARE SILVA E SILVA ASSISTÊNCIA A SAÚDE;OCS;12/2022;2022-07-14;2027-07-14;OUTROS;LOCAL-000182;OCS_LOCAL;Preço/dia;1.96;;Aparelho de glicemia
HOME CARE SILVA E SILVA ASSISTÊNCIA A SAÚDE;OCS;12/2022;2022-07-14;2027-07-14;OUTROS;LOCAL-000183;OCS_LOCAL;Preço/dia;56.68;;Aspirador Cough Assistido
HOME CARE SILVA E SILVA ASSISTÊNCIA A SAÚDE;OCS;12/2022;2022-07-14;2027-07-14;OUTROS;LOCAL-000184;OCS_LOCAL;Preço/dia;4.36;;Aspirador de Secreção 1 litro
HOME CARE SILVA E SILVA ASSISTÊNCIA A SAÚDE;OCS;12/2022;2022-07-14;2027-07-14;OUTROS;LOCAL-000185;OCS_LOCAL;Preço/dia;6.54;;Aspirador de Secreção 5 litros
HOME CARE SILVA E SILVA ASSISTÊNCIA A SAÚDE;OCS;12/2022;2022-07-14;2027-07-14;OUTROS;LOCAL-000186;OCS_LOCAL;Preço/dia;6.54;;Aspirador de Secreção 10 litros
HOME CARE SILVA E SILVA ASSISTÊNCIA A SAÚDE;OCS;12/2022;2022-07-14;2027-07-14;OUTROS;LOCAL-000187;OCS_LOCAL;Preço/dia;6.54;;Aspirador de Secreção Easy Go Vac Pediátrico
HOME CARE SILVA E SILVA ASSISTÊNCIA A SAÚDE;OCS;12/2022;2022-07-14;2027-07-14;OUTROS;LOCAL-000188;OCS_LOCAL;Preço/dia;6.54;;Aspirador de Secreção Elétrico
HOME CARE SILVA E SILVA ASSISTÊNCIA A SAÚDE;OCS;12/2022;2022-07-14;2027-07-14;OUTROS;LOCAL-000189;OCS_LOCAL;Preço/dia;3.27;;Aspirador Venture
HOME CARE SILVA E SILVA ASSISTÊNCIA A SAÚDE;OCS;12/2022;2022-07-14;2027-07-14;OUTROS;LOCAL-000190;OCS_LOCAL;Preço/dia;4.72;;Balança Digital Adulto/ Infantil
HOME CARE SILVA E SILVA ASSISTÊNCIA A SAÚDE;OCS;12/2022;2022-07-14;2027-07-14;OUTROS;LOCAL-000191;OCS_LOCAL;Preço/dia;3.63;;Balança Infantil Manual
HOME CARE SILVA E SILVA ASSISTÊNCIA A SAÚDE;OCS;12/2022;2022-07-14;2027-07-14;OUTROS;LOCAL-000192;OCS_LOCAL;Preço/dia;3.27;;Base Aquecida
HOME CARE SILVA E SILVA ASSISTÊNCIA A SAÚDE;OCS;12/2022;2022-07-14;2027-07-14;OUTROS;LOCAL-000193;OCS_LOCAL;Preço/dia;3.27;;Base Aquecida Breas
HOME CARE SILVA E SILVA ASSISTÊNCIA A SAÚDE;OCS;12/2022;2022-07-14;2027-07-14;OUTROS;LOCAL-000194;OCS_LOCAL;Preço/dia;3.27;;Base Aquecida do Vivo
HOME CARE SILVA E SILVA ASSISTÊNCIA A SAÚDE;OCS;12/2022;2022-07-14;2027-07-14;OUTROS;LOCAL-000195;OCS_LOCAL;Preço/dia;3.6;;Base Aquecida Fischer E Payel
HOME CARE SILVA E SILVA ASSISTÊNCIA A SAÚDE;OCS;12/2022;2022-07-14;2027-07-14;OUTROS;LOCAL-000196;OCS_LOCAL;Preço/dia;0.98;;Bengala de 4 pontas
HOME CARE SILVA E SILVA ASSISTÊNCIA A SAÚDE;OCS;12/2022;2022-07-14;2027-07-14;OUTROS;LOCAL-000197;OCS_LOCAL;Preço/dia;3.27;;Berço Infantil Manual com Grade Fowler
HOME CARE SILVA E SILVA ASSISTÊNCIA A SAÚDE;OCS;12/2022;2022-07-14;2027-07-14;OUTROS;LOCAL-000198;OCS_LOCAL;Preço/dia;16.62;;Bipap Breas PV 101
HOME CARE SILVA E SILVA ASSISTÊNCIA A SAÚDE;OCS;12/2022;2022-07-14;2027-07-14;OUTROS;LOCAL-000199;OCS_LOCAL;Preço/dia;16.62;;Bipap Breas PV 102
HOME CARE SILVA E SILVA ASSISTÊNCIA A SAÚDE;OCS;12/2022;2022-07-14;2027-07-14;OUTROS;LOCAL-000200;OCS_LOCAL;Preço/dia;16.62;;Bipap Eclipse Delta
HOME CARE SILVA E SILVA ASSISTÊNCIA A SAÚDE;OCS;12/2022;2022-07-14;2027-07-14;OUTROS;LOCAL-000201;OCS_LOCAL;Preço/dia;16.62;;Bipap Pró
HOME CARE SILVA E SILVA ASSISTÊNCIA A SAÚDE;OCS;12/2022;2022-07-14;2027-07-14;OUTROS;LOCAL-000202;OCS_LOCAL;Preço/dia;35.97;;Bipap Synchrony
HOME CARE SILVA E SILVA ASSISTÊNCIA A SAÚDE;OCS;12/2022;2022-07-14;2027-07-14;OUTROS;LOCAL-000203;OCS_LOCAL;Preço/dia;16.62;;Bipap Vivo 30
HOME CARE SILVA E SILVA ASSISTÊNCIA A SAÚDE;OCS;12/2022;2022-07-14;2027-07-14;OUTROS;LOCAL-000204;OCS_LOCAL;Preço/dia;3.27;;Bolsa Porta Homelox
HOME CARE SILVA E SILVA ASSISTÊNCIA A SAÚDE;OCS;12/2022;2022-07-14;2027-07-14;OUTROS;LOCAL-000205;OCS_LOCAL;Preço/dia;5.45;;Bomba de Infusão
HOME CARE SILVA E SILVA ASSISTÊNCIA A SAÚDE;OCS;12/2022;2022-07-14;2027-07-14;OUTROS;LOCAL-000206;OCS_LOCAL;Preço/dia;2.29;;Cabresto para máscara de CPAP
HOME CARE SILVA E SILVA ASSISTÊNCIA A SAÚDE;OCS;12/2022;2022-07-14;2027-07-14;OUTROS;LOCAL-000207;OCS_LOCAL;Preço/dia;4.51;;Cadeira de Rodas Alumínio Agile
HOME CARE SILVA E SILVA ASSISTÊNCIA A SAÚDE;OCS;12/2022;2022-07-14;2027-07-14;OUTROS;LOCAL-000208;OCS_LOCAL;Preço/dia;4.25;;Cadeira de Rodas Cromada
HOME CARE SILVA E SILVA ASSISTÊNCIA A SAÚDE;OCS;12/2022;2022-07-14;2027-07-14;OUTROS;LOCAL-000209;OCS_LOCAL;Preço/dia;5.43;;Cadeira de Rodas Cromada Articulada Obeso
HOME CARE SILVA E SILVA ASSISTÊNCIA A SAÚDE;OCS;12/2022;2022-07-14;2027-07-14;OUTROS;LOCAL-000210;OCS_LOCAL;Preço/dia;3.92;;Cadeira de Rodas Cromada Dobrável até 100 kg
HOME CARE SILVA E SILVA ASSISTÊNCIA A SAÚDE;OCS;12/2022;2022-07-14;2027-07-14;OUTROS;LOCAL-000211;OCS_LOCAL;Preço/dia;3.27;;Cadeira de Rodas Cromada Simples até 100 kg
HOME CARE SILVA E SILVA ASSISTÊNCIA A SAÚDE;OCS;12/2022;2022-07-14;2027-07-14;OUTROS;LOCAL-000212;OCS_LOCAL;Preço/dia;3.92;;Cadeira de Rodas Dobrável Articulada até 80 kg
HOME CARE SILVA E SILVA ASSISTÊNCIA A SAÚDE;OCS;12/2022;2022-07-14;2027-07-14;OUTROS;LOCAL-000213;OCS_LOCAL;Preço/dia;3.27;;Cadeira de Rodas Dobrável Simples até 80 kg
HOME CARE SILVA E SILVA ASSISTÊNCIA A SAÚDE;OCS;12/2022;2022-07-14;2027-07-14;OUTROS;LOCAL-000214;OCS_LOCAL;Preço/dia;7.63;;Cadeira de Rodas Kr Braços e pés removíveis
HOME CARE SILVA E SILVA ASSISTÊNCIA A SAÚDE;OCS;12/2022;2022-07-14;2027-07-14;OUTROS;LOCAL-000215;OCS_LOCAL;Preço/dia;6.1;;Cadeira de Rodas Obeso até 180 kg
HOME CARE SILVA E SILVA ASSISTÊNCIA A SAÚDE;OCS;12/2022;2022-07-14;2027-07-14;OUTROS;LOCAL-000216;OCS_LOCAL;Preço/dia;7.63;;Cadeira de rodas AVD reclinável com apoio cabeça
HOME CARE SILVA E SILVA ASSISTÊNCIA A SAÚDE;OCS;12/2022;2022-07-14;2027-07-14;OUTROS;LOCAL-000217;OCS_LOCAL;Preço/dia;1.64;;Cadeira Higiênica
HOME CARE SILVA E SILVA ASSISTÊNCIA A SAÚDE;OCS;12/2022;2022-07-14;2027-07-14;OUTROS;LOCAL-000218;OCS_LOCAL;Preço/dia;2.18;;Cadeira Higiênica c/ braço removível até 90 kg
HOME CARE SILVA E SILVA ASSISTÊNCIA A SAÚDE;OCS;12/2022;2022-07-14;2027-07-14;OUTROS;LOCAL-000219;OCS_LOCAL;Preço/dia;2.18;;Cadeira Higiênica c/ braço removível Obeso
HOME CARE SILVA E SILVA ASSISTÊNCIA A SAÚDE;OCS;12/2022;2022-07-14;2027-07-14;OUTROS;LOCAL-000220;OCS_LOCAL;Preço/dia;7.63;;Cadeira Higiênica Br c/ coletor universal
HOME CARE SILVA E SILVA ASSISTÊNCIA A SAÚDE;OCS;12/2022;2022-07-14;2027-07-14;OUTROS;LOCAL-000221;OCS_LOCAL;Preço/dia;3.27;;Cadeira Higiênica Obeso até 120 kg
HOME CARE SILVA E SILVA ASSISTÊNCIA A SAÚDE;OCS;12/2022;2022-07-14;2027-07-14;OUTROS;LOCAL-000222;OCS_LOCAL;Preço/dia;16.35;;Cama Elétrica com 5 movimentos
HOME CARE SILVA E SILVA ASSISTÊNCIA A SAÚDE;OCS;12/2022;2022-07-14;2027-07-14;OUTROS;LOCAL-000223;OCS_LOCAL;Preço/dia;11.88;;Cama Hospitalar Elétrica c/ grade e colchão até 80 kg - Nacional
HOME CARE SILVA E SILVA ASSISTÊNCIA A SAÚDE;OCS;12/2022;2022-07-14;2027-07-14;OUTROS;LOCAL-000224;OCS_LOCAL;Preço/dia;17.55;;Cama Hospitalar Elétrica c/ grade e colchão Obeso
HOME CARE SILVA E SILVA ASSISTÊNCIA A SAÚDE;OCS;12/2022;2022-07-14;2027-07-14;OUTROS;LOCAL-000225;OCS_LOCAL;Preço/dia;6.54;;Cama Hospitalar Mecânica c/ grade e colchão até 80 kg
HOME CARE SILVA E SILVA ASSISTÊNCIA A SAÚDE;OCS;12/2022;2022-07-14;2027-07-14;OUTROS;LOCAL-000226;OCS_LOCAL;Preço/dia;7.63;;Cama Hospitalar  Mecânica c/ grade e colchão Obeso
HOME CARE SILVA E SILVA ASSISTÊNCIA A SAÚDE;OCS;12/2022;2022-07-14;2027-07-14;OUTROS;LOCAL-000227;OCS_LOCAL;Preço/dia;5.29;;Câmara da Base Aquecida
HOME CARE SILVA E SILVA ASSISTÊNCIA A SAÚDE;OCS;12/2022;2022-07-14;2027-07-14;OUTROS;LOCAL-000228;OCS_LOCAL;Preço/dia;11.26;;Cesto do guincho
HOME CARE SILVA E SILVA ASSISTÊNCIA A SAÚDE;OCS;12/2022;2022-07-14;2027-07-14;OUTROS;LOCAL-000229;OCS_LOCAL;Preço/dia;1.58;;Cateter de oxigênio com extensão 7m
HOME CARE SILVA E SILVA ASSISTÊNCIA A SAÚDE;OCS;12/2022;2022-07-14;2027-07-14;OUTROS;LOCAL-000230;OCS_LOCAL;Preço/dia;0.33;;Cateter de oxigênio tipo óculos
HOME CARE SILVA E SILVA ASSISTÊNCIA A SAÚDE;OCS;12/2022;2022-07-14;2027-07-14;OUTROS;LOCAL-000231;OCS_LOCAL;Preço venda;95.92;;Circuito Bipap não invasivo
HOME CARE SILVA E SILVA ASSISTÊNCIA A SAÚDE;OCS;12/2022;2022-07-14;2027-07-14;OUTROS;LOCAL-000232;OCS_LOCAL;Preço venda;183.12;;Circuito Bipap Sistema Invasivo
HOME CARE SILVA E SILVA ASSISTÊNCIA A SAÚDE;OCS;12/2022;2022-07-14;2027-07-14;OUTROS;LOCAL-000233;OCS_LOCAL;Preço venda;166.77;;Circuito CPAP invasivo
HOME CARE SILVA E SILVA ASSISTÊNCIA A SAÚDE;OCS;12/2022;2022-07-14;2027-07-14;OUTROS;LOCAL-000234;OCS_LOCAL;Preço venda;38.15;;Conector 6x22
HOME CARE SILVA E SILVA ASSISTÊNCIA A SAÚDE;OCS;12/2022;2022-07-14;2027-07-14;OUTROS;LOCAL-000235;OCS_LOCAL;Preço venda;160.23;;Copo macronebulizador com haste
HOME CARE SILVA E SILVA ASSISTÊNCIA A SAÚDE;OCS;12/2022;2022-07-14;2027-07-14;OUTROS;LOCAL-000236;OCS_LOCAL;Preço venda;158.05;;Copo para aspirador elétrico
HOME CARE SILVA E SILVA ASSISTÊNCIA A SAÚDE;OCS;12/2022;2022-07-14;2027-07-14;OUTROS;LOCAL-000237;OCS_LOCAL;Preço/dia;6.76;;Colchão Pneumático
HOME CARE SILVA E SILVA ASSISTÊNCIA A SAÚDE;OCS;12/2022;2022-07-14;2027-07-14;OUTROS;LOCAL-000238;OCS_LOCAL;Preço/dia;14.72;;Concentrador 2 em 1 O2  + Inalador c/ Backup
HOME CARE SILVA E SILVA ASSISTÊNCIA A SAÚDE;OCS;12/2022;2022-07-14;2027-07-14;OUTROS;LOCAL-000239;OCS_LOCAL;Preço/dia;17.44;;Concentrador 3 em 1 O2  + Nebulizador c/ Backup
HOME CARE SILVA E SILVA ASSISTÊNCIA A SAÚDE;OCS;12/2022;2022-07-14;2027-07-14;OUTROS;LOCAL-000240;OCS_LOCAL;Preço/dia;25.07;;Concentrador 3 em 1 O2  + Nebulizador c/ Backup 10 l
HOME CARE SILVA E SILVA ASSISTÊNCIA A SAÚDE;OCS;12/2022;2022-07-14;2027-07-14;OUTROS;LOCAL-000241;OCS_LOCAL;Preço/dia;14.72;;Concentrador de O2
HOME CARE SILVA E SILVA ASSISTÊNCIA A SAÚDE;OCS;12/2022;2022-07-14;2027-07-14;OUTROS;LOCAL-000242;OCS_LOCAL;Preço/dia;7.26;;CPAP
HOME CARE SILVA E SILVA ASSISTÊNCIA A SAÚDE;OCS;12/2022;2022-07-14;2027-07-14;OUTROS;LOCAL-000243;OCS_LOCAL;Preço/dia;11.34;;CPAP solo LX
HOME CARE SILVA E SILVA ASSISTÊNCIA A SAÚDE;OCS;12/2022;2022-07-14;2027-07-14;OUTROS;LOCAL-000244;OCS_LOCAL;Preço/dia;0.33;;Escada 2 degraus
HOME CARE SILVA E SILVA ASSISTÊNCIA A SAÚDE;OCS;12/2022;2022-07-14;2027-07-14;OUTROS;LOCAL-000245;OCS_LOCAL;Preço venda;22.89;;Extensão de aspirador
HOME CARE SILVA E SILVA ASSISTÊNCIA A SAÚDE;OCS;12/2022;2022-07-14;2027-07-14;OUTROS;LOCAL-000246;OCS_LOCAL;Preço venda;22.89;;Extensão de oxigênio
HOME CARE SILVA E SILVA ASSISTÊNCIA A SAÚDE;OCS;12/2022;2022-07-14;2027-07-14;OUTROS;LOCAL-000247;OCS_LOCAL;Preço venda;22.89;;Extensão de oxigênio com bico flexível
HOME CARE SILVA E SILVA ASSISTÊNCIA A SAÚDE;OCS;12/2022;2022-07-14;2027-07-14;OUTROS;LOCAL-000248;OCS_LOCAL;Preço venda;45.78;;Extensão de concentrador
HOME CARE SILVA E SILVA ASSISTÊNCIA A SAÚDE;OCS;12/2022;2022-07-14;2027-07-14;OUTROS;LOCAL-000249;OCS_LOCAL;Preço venda;55.59;;Filtro Bactéria
HOME CARE SILVA E SILVA ASSISTÊNCIA A SAÚDE;OCS;12/2022;2022-07-14;2027-07-14;OUTROS;LOCAL-000250;OCS_LOCAL;Preço venda;64.31;;Filtro Pólen
HOME CARE SILVA E SILVA ASSISTÊNCIA A SAÚDE;OCS;12/2022;2022-07-14;2027-07-14;OUTROS;LOCAL-000251;OCS_LOCAL;Preço venda;64.31;;Filtro Preto
HOME CARE SILVA E SILVA ASSISTÊNCIA A SAÚDE;OCS;12/2022;2022-07-14;2027-07-14;OUTROS;LOCAL-000252;OCS_LOCAL;Preço/dia;2.18;;Fluxometro oxigênio até 15 l
HOME CARE SILVA E SILVA ASSISTÊNCIA A SAÚDE;OCS;12/2022;2022-07-14;2027-07-14;OUTROS;LOCAL-000253;OCS_LOCAL;Preço/dia;2.18;;Fluxometro para cilindro portátil
HOME CARE SILVA E SILVA ASSISTÊNCIA A SAÚDE;OCS;12/2022;2022-07-14;2027-07-14;OUTROS;LOCAL-000254;OCS_LOCAL;Preço venda;31.61;;Filtro Ultrafino
HOME CARE SILVA E SILVA ASSISTÊNCIA A SAÚDE;OCS;12/2022;2022-07-14;2027-07-14;OUTROS;LOCAL-000255;OCS_LOCAL;Preço dia;19.08;;Guincho Elétrico de Transferência
HOME CARE SILVA E SILVA ASSISTÊNCIA A SAÚDE;OCS;12/2022;2022-07-14;2027-07-14;OUTROS;LOCAL-000256;OCS_LOCAL;Preço venda;44.58;;Inalador em Linha
HOME CARE SILVA E SILVA ASSISTÊNCIA A SAÚDE;OCS;12/2022;2022-07-14;2027-07-14;OUTROS;LOCAL-000257;OCS_LOCAL;Preço/dia;2.18;;Inalador Elétrico
HOME CARE SILVA E SILVA ASSISTÊNCIA A SAÚDE;OCS;12/2022;2022-07-14;2027-07-14;OUTROS;LOCAL-000258;OCS_LOCAL;Preço/dia;3.05;;Inalador Ultrassônico
HOME CARE SILVA E SILVA ASSISTÊNCIA A SAÚDE;OCS;12/2022;2022-07-14;2027-07-14;OUTROS;LOCAL-000259;OCS_LOCAL;Preço venda;22.89;;Kit Inalação
HOME CARE SILVA E SILVA ASSISTÊNCIA A SAÚDE;OCS;12/2022;2022-07-14;2027-07-14;OUTROS;LOCAL-000260;OCS_LOCAL;Preço venda;29.43;;Kit Micronebulizador
HOME CARE SILVA E SILVA ASSISTÊNCIA A SAÚDE;OCS;12/2022;2022-07-14;2027-07-14;OUTROS;LOCAL-000261;OCS_LOCAL;Preço venda;258.33;;Kit nebulizador
HOME CARE SILVA E SILVA ASSISTÊNCIA A SAÚDE;OCS;12/2022;2022-07-14;2027-07-14;OUTROS;LOCAL-000262;OCS_LOCAL;Preço dia;98.1;;Kit para aspiração à vácuo
HOME CARE SILVA E SILVA ASSISTÊNCIA A SAÚDE;OCS;12/2022;2022-07-14;2027-07-14;OUTROS;LOCAL-000263;OCS_LOCAL;Preço venda;136.25;;Máscara de CPAP facial
HOME CARE SILVA E SILVA ASSISTÊNCIA A SAÚDE;OCS;12/2022;2022-07-14;2027-07-14;OUTROS;LOCAL-000264;OCS_LOCAL;Preço venda;1068.2;;Máscara facial BIPAP completa
HOME CARE SILVA E SILVA ASSISTÊNCIA A SAÚDE;OCS;12/2022;2022-07-14;2027-07-14;OUTROS;LOCAL-000265;OCS_LOCAL;Preço venda;250.7;;Máscara facial com borda inflável
HOME CARE SILVA E SILVA ASSISTÊNCIA A SAÚDE;OCS;12/2022;2022-07-14;2027-07-14;OUTROS;LOCAL-000266;OCS_LOCAL;Preço venda;223.45;;Máscara nasal
HOME CARE SILVA E SILVA ASSISTÊNCIA A SAÚDE;OCS;12/2022;2022-07-14;2027-07-14;OUTROS;LOCAL-000267;OCS_LOCAL;Preço venda;1068.2;;Máscara nasal confort classic
HOME CARE SILVA E SILVA ASSISTÊNCIA A SAÚDE;OCS;12/2022;2022-07-14;2027-07-14;OUTROS;LOCAL-000268;OCS_LOCAL;Preço venda;501.4;;Máscara nasal em gel Inspira
HOME CARE SILVA E SILVA ASSISTÊNCIA A SAÚDE;OCS;12/2022;2022-07-14;2027-07-14;OUTROS;LOCAL-000269;OCS_LOCAL;Preço venda;31.61;;Máscara para inalação
HOME CARE SILVA E SILVA ASSISTÊNCIA A SAÚDE;OCS;12/2022;2022-07-14;2027-07-14;OUTROS;LOCAL-000270;OCS_LOCAL;Preço venda;33.79;;Máscara para inalação infantil
HOME CARE SILVA E SILVA ASSISTÊNCIA A SAÚDE;OCS;12/2022;2022-07-14;2027-07-14;OUTROS;LOCAL-000271;OCS_LOCAL;Preço/dia;0.73;;Máscara para traqueostomia adulto
HOME CARE SILVA E SILVA ASSISTÊNCIA A SAÚDE;OCS;12/2022;2022-07-14;2027-07-14;OUTROS;LOCAL-000272;OCS_LOCAL;Preço/dia;0.72;;Máscara para traqueostomia infantil
HOME CARE SILVA E SILVA ASSISTÊNCIA A SAÚDE;OCS;12/2022;2022-07-14;2027-07-14;OUTROS;LOCAL-000273;OCS_LOCAL;Preço/dia;1.99;;Macro nebulizador Adulto
HOME CARE SILVA E SILVA ASSISTÊNCIA A SAÚDE;OCS;12/2022;2022-07-14;2027-07-14;OUTROS;LOCAL-000274;OCS_LOCAL;Preço/dia;1.99;;Macro Nebulizador Infantil
HOME CARE SILVA E SILVA ASSISTÊNCIA A SAÚDE;OCS;12/2022;2022-07-14;2027-07-14;OUTROS;LOCAL-000275;OCS_LOCAL;Preço/dia;1.99;;Macro Nebulizador à Frio
HOME CARE SILVA E SILVA ASSISTÊNCIA A SAÚDE;OCS;12/2022;2022-07-14;2027-07-14;OUTROS;LOCAL-000276;OCS_LOCAL;Preço/dia;1.93;;Macro Nebulizador Aquecido
HOME CARE SILVA E SILVA ASSISTÊNCIA A SAÚDE;OCS;12/2022;2022-07-14;2027-07-14;OUTROS;LOCAL-000277;OCS_LOCAL;Preço/dia;20.38;;Mesa Ortostática
HOME CARE SILVA E SILVA ASSISTÊNCIA A SAÚDE;OCS;12/2022;2022-07-14;2027-07-14;OUTROS;LOCAL-000278;OCS_LOCAL;Preço/dia;18.53;;Monitor APM STD 30
HOME CARE SILVA E SILVA ASSISTÊNCIA A SAÚDE;OCS;12/2022;2022-07-14;2027-07-14;OUTROS;LOCAL-000279;OCS_LOCAL;Preço/dia;16.35;;Monitor Cardíaco
HOME CARE SILVA E SILVA ASSISTÊNCIA A SAÚDE;OCS;12/2022;2022-07-14;2027-07-14;OUTROS;LOCAL-000280;OCS_LOCAL;Preço/dia;1.68;;Muleta Auxiliar Par
HOME CARE SILVA E SILVA ASSISTÊNCIA A SAÚDE;OCS;12/2022;2022-07-14;2027-07-14;OUTROS;LOCAL-000281;OCS_LOCAL;Preço/dia;1.68;;Muleta Canadense Par
HOME CARE SILVA E SILVA ASSISTÊNCIA A SAÚDE;OCS;12/2022;2022-07-14;2027-07-14;OUTROS;LOCAL-000282;OCS_LOCAL;Preço/dia;3.05;;Nebulizador inalatório
HOME CARE SILVA E SILVA ASSISTÊNCIA A SAÚDE;OCS;12/2022;2022-07-14;2027-07-14;OUTROS;LOCAL-000283;OCS_LOCAL;Preço/dia;183.12;;Nebulizador p/ traqueostomia
HOME CARE SILVA E SILVA ASSISTÊNCIA A SAÚDE;OCS;12/2022;2022-07-14;2027-07-14;OUTROS;LOCAL-000284;OCS_LOCAL;Preço/dia;183.12;;Nebulizador com Traquéia e Máscara
HOME CARE SILVA E SILVA ASSISTÊNCIA A SAÚDE;OCS;12/2022;2022-07-14;2027-07-14;OUTROS;LOCAL-000285;OCS_LOCAL;Preço/dia;9.81;;No break Estabilizador de Energia + bateria
HOME CARE SILVA E SILVA ASSISTÊNCIA A SAÚDE;OCS;12/2022;2022-07-14;2027-07-14;OUTROS;LOCAL-000286;OCS_LOCAL;Preço/dia;5.45;;Oxímetro de Pulso Elétrico Alarme 1003
HOME CARE SILVA E SILVA ASSISTÊNCIA A SAÚDE;OCS;12/2022;2022-07-14;2027-07-14;OUTROS;LOCAL-000287;OCS_LOCAL;Preço/dia;7.63;;Oxímetro de Pulso Elétrico Mesa 1000
HOME CARE SILVA E SILVA ASSISTÊNCIA A SAÚDE;OCS;12/2022;2022-07-14;2027-07-14;OUTROS;LOCAL-000288;OCS_LOCAL;Preço/dia;4.36;;Oxímetro de Pulso Portátil sem Alarme
HOME CARE SILVA E SILVA ASSISTÊNCIA A SAÚDE;OCS;12/2022;2022-07-14;2027-07-14;OUTROS;LOCAL-000289;OCS_LOCAL;Preço/dia;49.05;;Porta entrada para oxigênio
HOME CARE SILVA E SILVA ASSISTÊNCIA A SAÚDE;OCS;12/2022;2022-07-14;2027-07-14;OUTROS;LOCAL-000290;OCS_LOCAL;Preço/dia;3.1;;Quadro Balcânico
HOME CARE SILVA E SILVA ASSISTÊNCIA A SAÚDE;OCS;12/2022;2022-07-14;2027-07-14;OUTROS;LOCAL-000291;OCS_LOCAL;Preço/dia;32.7;;Respirador Bipap Breas PV 101
HOME CARE SILVA E SILVA ASSISTÊNCIA A SAÚDE;OCS;12/2022;2022-07-14;2027-07-14;OUTROS;LOCAL-000292;OCS_LOCAL;Preço/dia;32.7;;Respirador Bipap Breas PV 102
HOME CARE SILVA E SILVA ASSISTÊNCIA A SAÚDE;OCS;12/2022;2022-07-14;2027-07-14;OUTROS;LOCAL-000293;OCS_LOCAL;Preço/dia;16.35;;Respirador Bipap Pro 10
HOME CARE SILVA E SILVA ASSISTÊNCIA A SAÚDE;OCS;12/2022;2022-07-14;2027-07-14;OUTROS;LOCAL-000294;OCS_LOCAL;Preço/dia;16.35;;Respirador Bipap Quantum
HOME CARE SILVA E SILVA ASSISTÊNCIA A SAÚDE;OCS;12/2022;2022-07-14;2027-07-14;OUTROS;LOCAL-000295;OCS_LOCAL;Preço/dia;13.08;;Respirador Bipap STD 30
HOME CARE SILVA E SILVA ASSISTÊNCIA A SAÚDE;OCS;12/2022;2022-07-14;2027-07-14;OUTROS;LOCAL-000296;OCS_LOCAL;Preço/dia;49.05;;Respirador Bipap  Syncrony
HOME CARE SILVA E SILVA ASSISTÊNCIA A SAÚDE;OCS;12/2022;2022-07-14;2027-07-14;OUTROS;LOCAL-000297;OCS_LOCAL;Preço/dia;49.05;;Respirador Bipap Syncrony Avaps
HOME CARE SILVA E SILVA ASSISTÊNCIA A SAÚDE;OCS;12/2022;2022-07-14;2027-07-14;OUTROS;LOCAL-000298;OCS_LOCAL;Preço/dia;18.53;;Respirador Bipap Tranquility Bilevel
HOME CARE SILVA E SILVA ASSISTÊNCIA A SAÚDE;OCS;12/2022;2022-07-14;2027-07-14;OUTROS;LOCAL-000299;OCS_LOCAL;Preço/dia;13.08;;Respirador CPAP Polaris E Breas
HOME CARE SILVA E SILVA ASSISTÊNCIA A SAÚDE;OCS;12/2022;2022-07-14;2027-07-14;OUTROS;LOCAL-000300;OCS_LOCAL;Preço/dia;10.9;;Respirador CPAP Remstar
HOME CARE SILVA E SILVA ASSISTÊNCIA A SAÚDE;OCS;12/2022;2022-07-14;2027-07-14;OUTROS;LOCAL-000301;OCS_LOCAL;Preço/dia;98.1;;Respirador Sttelar 150 Avaps
HOME CARE SILVA E SILVA ASSISTÊNCIA A SAÚDE;OCS;12/2022;2022-07-14;2027-07-14;OUTROS;LOCAL-000302;OCS_LOCAL;Preço/dia;16.35;;Respirador CPAP Solo LX
HOME CARE SILVA E SILVA ASSISTÊNCIA A SAÚDE;OCS;12/2022;2022-07-14;2027-07-14;OUTROS;LOCAL-000303;OCS_LOCAL;Preço/dia;10.9;;Respirador E 150 Newport
HOME CARE SILVA E SILVA ASSISTÊNCIA A SAÚDE;OCS;12/2022;2022-07-14;2027-07-14;OUTROS;LOCAL-000304;OCS_LOCAL;Preço/dia;115.54;;Respirador Invent
HOME CARE SILVA E SILVA ASSISTÊNCIA A SAÚDE;OCS;12/2022;2022-07-14;2027-07-14;OUTROS;LOCAL-000305;OCS_LOCAL;Preço/dia;97.01;;Respirador Newport HT 50
HOME CARE SILVA E SILVA ASSISTÊNCIA A SAÚDE;OCS;12/2022;2022-07-14;2027-07-14;OUTROS;LOCAL-000306;OCS_LOCAL;Preço/dia;139.52;;Respirador Trilogy
HOME CARE SILVA E SILVA ASSISTÊNCIA A SAÚDE;OCS;12/2022;2022-07-14;2027-07-14;OUTROS;LOCAL-000307;OCS_LOCAL;Preço/dia;107.91;;Respirador Vivo 30
HOME CARE SILVA E SILVA ASSISTÊNCIA A SAÚDE;OCS;12/2022;2022-07-14;2027-07-14;OUTROS;LOCAL-000308;OCS_LOCAL;Preço/dia;109.0;;Respirador Vivo 40 Bi level
HOME CARE SILVA E SILVA ASSISTÊNCIA A SAÚDE;OCS;12/2022;2022-07-14;2027-07-14;OUTROS;LOCAL-000309;OCS_LOCAL;Preço/dia;0.74;;Saída dupla de oxigênio
HOME CARE SILVA E SILVA ASSISTÊNCIA A SAÚDE;OCS;12/2022;2022-07-14;2027-07-14;OUTROS;LOCAL-000310;OCS_LOCAL;Preço venda;130.8;;Sensor descartável de oxímetro
HOME CARE SILVA E SILVA ASSISTÊNCIA A SAÚDE;OCS;12/2022;2022-07-14;2027-07-14;OUTROS;LOCAL-000311;OCS_LOCAL;Preço venda;26.16;;Super set
HOME CARE SILVA E SILVA ASSISTÊNCIA A SAÚDE;OCS;12/2022;2022-07-14;2027-07-14;OUTROS;LOCAL-000312;OCS_LOCAL;Preço venda;152.6;;Suporte para máscara respironics
HOME CARE SILVA E SILVA ASSISTÊNCIA A SAÚDE;OCS;12/2022;2022-07-14;2027-07-14;OUTROS;LOCAL-000313;OCS_LOCAL;Preço/dia;0.84;;Suporte de soro Fixo
HOME CARE SILVA E SILVA ASSISTÊNCIA A SAÚDE;OCS;12/2022;2022-07-14;2027-07-14;OUTROS;LOCAL-000314;OCS_LOCAL;Preço/dia;0.84;;Suporte de soro móvel
HOME CARE SILVA E SILVA ASSISTÊNCIA A SAÚDE;OCS;12/2022;2022-07-14;2027-07-14;OUTROS;LOCAL-000315;OCS_LOCAL;Preço/dia;0.6;;Suporte para Bomba de Infusão
HOME CARE SILVA E SILVA ASSISTÊNCIA A SAÚDE;OCS;12/2022;2022-07-14;2027-07-14;OUTROS;LOCAL-000316;OCS_LOCAL;Preço/dia;1.82;;Suporte para respirador LTV 950
HOME CARE SILVA E SILVA ASSISTÊNCIA A SAÚDE;OCS;12/2022;2022-07-14;2027-07-14;OUTROS;LOCAL-000317;OCS_LOCAL;Preço/dia;2.18;;Torpedo de ar comprimido 6 m3
HOME CARE SILVA E SILVA ASSISTÊNCIA A SAÚDE;OCS;12/2022;2022-07-14;2027-07-14;OUTROS;LOCAL-000318;OCS_LOCAL;Preço/dia;2.18;;Torpedo de ar comprimido 10 m3
HOME CARE SILVA E SILVA ASSISTÊNCIA A SAÚDE;OCS;12/2022;2022-07-14;2027-07-14;OUTROS;LOCAL-000319;OCS_LOCAL;Preço/dia;2.18;;Torpedo de Oxigênio 1 m3
HOME CARE SILVA E SILVA ASSISTÊNCIA A SAÚDE;OCS;12/2022;2022-07-14;2027-07-14;OUTROS;LOCAL-000320;OCS_LOCAL;Preço/dia;2.18;;Torpedo de Oxigênio 3 m3
HOME CARE SILVA E SILVA ASSISTÊNCIA A SAÚDE;OCS;12/2022;2022-07-14;2027-07-14;OUTROS;LOCAL-000321;OCS_LOCAL;Preço/dia;2.18;;Torpedo de Oxigênio 4 m3
HOME CARE SILVA E SILVA ASSISTÊNCIA A SAÚDE;OCS;12/2022;2022-07-14;2027-07-14;OUTROS;LOCAL-000322;OCS_LOCAL;Preço/dia;2.18;;Torpedo de Oxigênio 6 m3
HOME CARE SILVA E SILVA ASSISTÊNCIA A SAÚDE;OCS;12/2022;2022-07-14;2027-07-14;OUTROS;LOCAL-000323;OCS_LOCAL;Preço/dia;2.18;;Torpedo de Oxigênio 8 m3
HOME CARE SILVA E SILVA ASSISTÊNCIA A SAÚDE;OCS;12/2022;2022-07-14;2027-07-14;OUTROS;LOCAL-000324;OCS_LOCAL;Preço venda;59.95;;Traquéia 22x22x180mm
HOME CARE SILVA E SILVA ASSISTÊNCIA A SAÚDE;OCS;12/2022;2022-07-14;2027-07-14;OUTROS;LOCAL-000325;OCS_LOCAL;Preço venda;223.45;;Traquéia 3 metros
HOME CARE SILVA E SILVA ASSISTÊNCIA A SAÚDE;OCS;12/2022;2022-07-14;2027-07-14;OUTROS;LOCAL-000326;OCS_LOCAL;Preço venda;168.95;;Traquéia pequena + Valvula exalatória
HOME CARE SILVA E SILVA ASSISTÊNCIA A SAÚDE;OCS;12/2022;2022-07-14;2027-07-14;OUTROS;LOCAL-000327;OCS_LOCAL;Preço venda;38.15;;Tubo T
HOME CARE SILVA E SILVA ASSISTÊNCIA A SAÚDE;OCS;12/2022;2022-07-14;2027-07-14;OUTROS;LOCAL-000328;OCS_LOCAL;Preço venda;45.78;;Umidificador com extensão
HOME CARE SILVA E SILVA ASSISTÊNCIA A SAÚDE;OCS;12/2022;2022-07-14;2027-07-14;OUTROS;LOCAL-000329;OCS_LOCAL;Preço/dia;1.2;;Umidificador Aquecido Base com Copo
HOME CARE SILVA E SILVA ASSISTÊNCIA A SAÚDE;OCS;12/2022;2022-07-14;2027-07-14;OUTROS;LOCAL-000330;OCS_LOCAL;Preço/dia;0.86;;Umidificador para O2
HOME CARE SILVA E SILVA ASSISTÊNCIA A SAÚDE;OCS;12/2022;2022-07-14;2027-07-14;OUTROS;LOCAL-000331;OCS_LOCAL;Preço venda;41.42;;Válvula de exalação respironics
SÃO JOSE ASSISTÊNCIA A SAÚDE EIRELI - HOME CARE;OCS;11/2021;2021-09-15;2026-09-15;OUTROS;LOCAL-000332;OCS_LOCAL;"1 (uma) visita semanal do Enfermeiro; 	2 (dois) atendimentos semanais do Fisioterapeuta; 	1 (uma) visita mensal do Médico; 1 (um) atendimento semanal do Fonoaudiólogo; 1 (uma) visita mensal do Nutricionista";190.0;;PERMANÊNCIA DE 6h
SÃO JOSE ASSISTÊNCIA A SAÚDE EIRELI - HOME CARE;OCS;11/2021;2021-09-15;2026-09-15;OUTROS;LOCAL-000333;OCS_LOCAL;"1 (uma) visita semanal do Enfermeiro; 	3 (três) atendimentos semanais do Fisioterapeuta;	1 (uma) visita quinzenal do Médico;1 (uma) visita mensal do Psicólogo quando solicitado pelo médico; 1 (um) atendimento semanal do Fonoaudiólogo; 1 (uma) visita mensal do Nutricionista";304.0;;PERMANÊNCIA DE 12h
SÃO JOSE ASSISTÊNCIA A SAÚDE EIRELI - HOME CARE;OCS;11/2021;2021-09-15;2026-09-15;OUTROS;LOCAL-000334;OCS_LOCAL;"1 (uma) visita semanal do Enfermeiro;	5 (cinco) atendimentos semanais do Fisioterapeuta;	1 (uma) visita semanal do Médico; 1 (uma) visita mensal do Psicólogo quando solicitado pelo médico; 2 (dois) atendimentos semanais do Fonoaudiólog;	1 (uma) visita quinzenal do Nutricionista";506.0;;PERMANÊNCIA DE 24h
SÃO JOSE ASSISTÊNCIA A SAÚDE EIRELI - HOME CARE;OCS;11/2021;2021-09-15;2026-09-15;OUTROS;LOCAL-000335;OCS_LOCAL;Atendimento;66.0;;ASSISTENTE SOCIAL
SÃO JOSE ASSISTÊNCIA A SAÚDE EIRELI - HOME CARE;OCS;11/2021;2021-09-15;2026-09-15;OUTROS;LOCAL-000336;OCS_LOCAL;Visita;70.0;;ENFERMEIRO
SÃO JOSE ASSISTÊNCIA A SAÚDE EIRELI - HOME CARE;OCS;11/2021;2021-09-15;2026-09-15;OUTROS;LOCAL-000337;OCS_LOCAL;Procedimento;70.0;;ENFERMEIRO
SÃO JOSE ASSISTÊNCIA A SAÚDE EIRELI - HOME CARE;OCS;11/2021;2021-09-15;2026-09-15;OUTROS;LOCAL-000338;OCS_LOCAL;Atendimento;42.0;;FISIOTERAPEUTA
SÃO JOSE ASSISTÊNCIA A SAÚDE EIRELI - HOME CARE;OCS;11/2021;2021-09-15;2026-09-15;OUTROS;LOCAL-000339;OCS_LOCAL;Atendimento;52.0;;FONOAUDIOLOGISTA
SÃO JOSE ASSISTÊNCIA A SAÚDE EIRELI - HOME CARE;OCS;11/2021;2021-09-15;2026-09-15;OUTROS;LOCAL-000340;OCS_LOCAL;Visita;250.0;;MÉDICO
SÃO JOSE ASSISTÊNCIA A SAÚDE EIRELI - HOME CARE;OCS;11/2021;2021-09-15;2026-09-15;OUTROS;LOCAL-000341;OCS_LOCAL;Atendimento Pré-Hospitalar;360.0;;MÉDICO
SÃO JOSE ASSISTÊNCIA A SAÚDE EIRELI - HOME CARE;OCS;11/2021;2021-09-15;2026-09-15;OUTROS;LOCAL-000342;OCS_LOCAL;Atendimento;45.0;;NUTRICIONISTA
SÃO JOSE ASSISTÊNCIA A SAÚDE EIRELI - HOME CARE;OCS;11/2021;2021-09-15;2026-09-15;OUTROS;LOCAL-000343;OCS_LOCAL;Atendimento;66.0;;PSICÓLOGO
SÃO JOSE ASSISTÊNCIA A SAÚDE EIRELI - HOME CARE;OCS;11/2021;2021-09-15;2026-09-15;OUTROS;LOCAL-000344;OCS_LOCAL;2 h;50.0;;TÉCNICO DE ENFERMAGEM
SÃO JOSE ASSISTÊNCIA A SAÚDE EIRELI - HOME CARE;OCS;11/2021;2021-09-15;2026-09-15;OUTROS;LOCAL-000345;OCS_LOCAL;Atendimento;66.0;;TERAPEUTA OCUPACIONAL
SÃO JOSE ASSISTÊNCIA A SAÚDE EIRELI - HOME CARE;OCS;11/2021;2021-09-15;2026-09-15;OUTROS;LOCAL-000346;OCS_LOCAL;Preço/dia;16.0;;Air – Sep + Backup (Inalador p/ Concentrador O2)
SÃO JOSE ASSISTÊNCIA A SAÚDE EIRELI - HOME CARE;OCS;11/2021;2021-09-15;2026-09-15;OUTROS;LOCAL-000347;OCS_LOCAL;Preço/dia;0.75;;Ambú Borracha Adulto
SÃO JOSE ASSISTÊNCIA A SAÚDE EIRELI - HOME CARE;OCS;11/2021;2021-09-15;2026-09-15;OUTROS;LOCAL-000348;OCS_LOCAL;Preço/dia;0.67;;Ambú Borracha Infantil
SÃO JOSE ASSISTÊNCIA A SAÚDE EIRELI - HOME CARE;OCS;11/2021;2021-09-15;2026-09-15;OUTROS;LOCAL-000349;OCS_LOCAL;Preço/dia;0.85;;Ambú Silicone Adulto
SÃO JOSE ASSISTÊNCIA A SAÚDE EIRELI - HOME CARE;OCS;11/2021;2021-09-15;2026-09-15;OUTROS;LOCAL-000350;OCS_LOCAL;Preço/dia;0.77;;Ambú Silicone Infantil
SÃO JOSE ASSISTÊNCIA A SAÚDE EIRELI - HOME CARE;OCS;11/2021;2021-09-15;2026-09-15;OUTROS;LOCAL-000351;OCS_LOCAL;Preço/dia;1.67;;Andador Articulado Alumínio
SÃO JOSE ASSISTÊNCIA A SAÚDE EIRELI - HOME CARE;OCS;11/2021;2021-09-15;2026-09-15;OUTROS;LOCAL-000352;OCS_LOCAL;Preço/dia;1.89;;Andador Articulado Cromado
SÃO JOSE ASSISTÊNCIA A SAÚDE EIRELI - HOME CARE;OCS;11/2021;2021-09-15;2026-09-15;OUTROS;LOCAL-000353;OCS_LOCAL;Preço/dia;1.0;;Aparelho de Pressão Adulto
SÃO JOSE ASSISTÊNCIA A SAÚDE EIRELI - HOME CARE;OCS;11/2021;2021-09-15;2026-09-15;OUTROS;LOCAL-000354;OCS_LOCAL;Preço/dia;1.0;;Aparelho de Pressão Infantil
SÃO JOSE ASSISTÊNCIA A SAÚDE EIRELI - HOME CARE;OCS;11/2021;2021-09-15;2026-09-15;OUTROS;LOCAL-000355;OCS_LOCAL;Preço/dia;1.0;;Aparelho de Pressão Neonatal
SÃO JOSE ASSISTÊNCIA A SAÚDE EIRELI - HOME CARE;OCS;11/2021;2021-09-15;2026-09-15;OUTROS;LOCAL-000356;OCS_LOCAL;Preço/dia;1.8;;Aparelho de glicemia
SÃO JOSE ASSISTÊNCIA A SAÚDE EIRELI - HOME CARE;OCS;11/2021;2021-09-15;2026-09-15;OUTROS;LOCAL-000357;OCS_LOCAL;Preço/dia;52.0;;Aspirador Cough Assistido
SÃO JOSE ASSISTÊNCIA A SAÚDE EIRELI - HOME CARE;OCS;11/2021;2021-09-15;2026-09-15;OUTROS;LOCAL-000358;OCS_LOCAL;Preço/dia;4.0;;Aspirador de Secreção 1 litro
SÃO JOSE ASSISTÊNCIA A SAÚDE EIRELI - HOME CARE;OCS;11/2021;2021-09-15;2026-09-15;OUTROS;LOCAL-000359;OCS_LOCAL;Preço/dia;6.0;;Aspirador de Secreção 5 litros
SÃO JOSE ASSISTÊNCIA A SAÚDE EIRELI - HOME CARE;OCS;11/2021;2021-09-15;2026-09-15;OUTROS;LOCAL-000360;OCS_LOCAL;Preço/dia;6.0;;Aspirador de Secreção 10 litros
SÃO JOSE ASSISTÊNCIA A SAÚDE EIRELI - HOME CARE;OCS;11/2021;2021-09-15;2026-09-15;OUTROS;LOCAL-000361;OCS_LOCAL;Preço/dia;6.0;;Aspirador de Secreção Easy Go Vac Pediátrico
SÃO JOSE ASSISTÊNCIA A SAÚDE EIRELI - HOME CARE;OCS;11/2021;2021-09-15;2026-09-15;OUTROS;LOCAL-000362;OCS_LOCAL;Preço/dia;6.0;;Aspirador de Secreção Elétrico
SÃO JOSE ASSISTÊNCIA A SAÚDE EIRELI - HOME CARE;OCS;11/2021;2021-09-15;2026-09-15;OUTROS;LOCAL-000363;OCS_LOCAL;Preço/dia;3.0;;Aspirador Venture
SÃO JOSE ASSISTÊNCIA A SAÚDE EIRELI - HOME CARE;OCS;11/2021;2021-09-15;2026-09-15;OUTROS;LOCAL-000364;OCS_LOCAL;Preço/dia;4.33;;Balança Digital Adulto/ Infantil
SÃO JOSE ASSISTÊNCIA A SAÚDE EIRELI - HOME CARE;OCS;11/2021;2021-09-15;2026-09-15;OUTROS;LOCAL-000365;OCS_LOCAL;Preço/dia;3.33;;Balança Infantil Manual
SÃO JOSE ASSISTÊNCIA A SAÚDE EIRELI - HOME CARE;OCS;11/2021;2021-09-15;2026-09-15;OUTROS;LOCAL-000366;OCS_LOCAL;Preço/dia;3.0;;Base Aquecida
SÃO JOSE ASSISTÊNCIA A SAÚDE EIRELI - HOME CARE;OCS;11/2021;2021-09-15;2026-09-15;OUTROS;LOCAL-000367;OCS_LOCAL;Preço/dia;3.0;;Base Aquecida Breas
SÃO JOSE ASSISTÊNCIA A SAÚDE EIRELI - HOME CARE;OCS;11/2021;2021-09-15;2026-09-15;OUTROS;LOCAL-000368;OCS_LOCAL;Preço/dia;3.0;;Base Aquecida do Vivo
SÃO JOSE ASSISTÊNCIA A SAÚDE EIRELI - HOME CARE;OCS;11/2021;2021-09-15;2026-09-15;OUTROS;LOCAL-000369;OCS_LOCAL;Preço/dia;3.3;;Base Aquecida Fischer E Payel
SÃO JOSE ASSISTÊNCIA A SAÚDE EIRELI - HOME CARE;OCS;11/2021;2021-09-15;2026-09-15;OUTROS;LOCAL-000370;OCS_LOCAL;Preço/dia;0.9;;Bengala de 4 pontas
SÃO JOSE ASSISTÊNCIA A SAÚDE EIRELI - HOME CARE;OCS;11/2021;2021-09-15;2026-09-15;OUTROS;LOCAL-000371;OCS_LOCAL;Preço/dia;3.0;;Berço Infantil Manual com Grade Fowler
SÃO JOSE ASSISTÊNCIA A SAÚDE EIRELI - HOME CARE;OCS;11/2021;2021-09-15;2026-09-15;OUTROS;LOCAL-000372;OCS_LOCAL;Preço/dia;15.25;;Bipap Breas PV 101
SÃO JOSE ASSISTÊNCIA A SAÚDE EIRELI - HOME CARE;OCS;11/2021;2021-09-15;2026-09-15;OUTROS;LOCAL-000373;OCS_LOCAL;Preço/dia;15.25;;Bipap Breas PV 102
SÃO JOSE ASSISTÊNCIA A SAÚDE EIRELI - HOME CARE;OCS;11/2021;2021-09-15;2026-09-15;OUTROS;LOCAL-000374;OCS_LOCAL;Preço/dia;15.25;;Bipap Eclipse Delta
SÃO JOSE ASSISTÊNCIA A SAÚDE EIRELI - HOME CARE;OCS;11/2021;2021-09-15;2026-09-15;OUTROS;LOCAL-000375;OCS_LOCAL;Preço/dia;15.25;;Bipap Pró
SÃO JOSE ASSISTÊNCIA A SAÚDE EIRELI - HOME CARE;OCS;11/2021;2021-09-15;2026-09-15;OUTROS;LOCAL-000376;OCS_LOCAL;Preço/dia;33.0;;Bipap Synchrony
SÃO JOSE ASSISTÊNCIA A SAÚDE EIRELI - HOME CARE;OCS;11/2021;2021-09-15;2026-09-15;OUTROS;LOCAL-000377;OCS_LOCAL;Preço/dia;15.25;;Bipap Vivo 30
SÃO JOSE ASSISTÊNCIA A SAÚDE EIRELI - HOME CARE;OCS;11/2021;2021-09-15;2026-09-15;OUTROS;LOCAL-000378;OCS_LOCAL;Preço/dia;3.0;;Bolsa Porta Homelox
SÃO JOSE ASSISTÊNCIA A SAÚDE EIRELI - HOME CARE;OCS;11/2021;2021-09-15;2026-09-15;OUTROS;LOCAL-000379;OCS_LOCAL;Preço/dia;5.0;;Bomba de Infusão
SÃO JOSE ASSISTÊNCIA A SAÚDE EIRELI - HOME CARE;OCS;11/2021;2021-09-15;2026-09-15;OUTROS;LOCAL-000380;OCS_LOCAL;Preço/dia;2.1;;Cabresto para máscara de CPAP
SÃO JOSE ASSISTÊNCIA A SAÚDE EIRELI - HOME CARE;OCS;11/2021;2021-09-15;2026-09-15;OUTROS;LOCAL-000381;OCS_LOCAL;Preço/dia;4.14;;Cadeira de Rodas Alumínio Agile
SÃO JOSE ASSISTÊNCIA A SAÚDE EIRELI - HOME CARE;OCS;11/2021;2021-09-15;2026-09-15;OUTROS;LOCAL-000382;OCS_LOCAL;Preço/dia;3.9;;Cadeira de Rodas Cromada
SÃO JOSE ASSISTÊNCIA A SAÚDE EIRELI - HOME CARE;OCS;11/2021;2021-09-15;2026-09-15;OUTROS;LOCAL-000383;OCS_LOCAL;Preço/dia;4.98;;Cadeira de Rodas Cromada Articulada Obeso
SÃO JOSE ASSISTÊNCIA A SAÚDE EIRELI - HOME CARE;OCS;11/2021;2021-09-15;2026-09-15;OUTROS;LOCAL-000384;OCS_LOCAL;Preço/dia;3.6;;Cadeira de Rodas Cromada Dobrável até 100 kg
SÃO JOSE ASSISTÊNCIA A SAÚDE EIRELI - HOME CARE;OCS;11/2021;2021-09-15;2026-09-15;OUTROS;LOCAL-000385;OCS_LOCAL;Preço/dia;3.0;;Cadeira de Rodas Cromada Simples até 100 kg
SÃO JOSE ASSISTÊNCIA A SAÚDE EIRELI - HOME CARE;OCS;11/2021;2021-09-15;2026-09-15;OUTROS;LOCAL-000386;OCS_LOCAL;Preço/dia;3.6;;Cadeira de Rodas Dobrável Articulada até 80 kg
SÃO JOSE ASSISTÊNCIA A SAÚDE EIRELI - HOME CARE;OCS;11/2021;2021-09-15;2026-09-15;OUTROS;LOCAL-000387;OCS_LOCAL;Preço/dia;3.0;;Cadeira de Rodas Dobrável Simples até 80 kg
SÃO JOSE ASSISTÊNCIA A SAÚDE EIRELI - HOME CARE;OCS;11/2021;2021-09-15;2026-09-15;OUTROS;LOCAL-000388;OCS_LOCAL;Preço/dia;7.0;;Cadeira de Rodas Kr Braços e pés removíveis
SÃO JOSE ASSISTÊNCIA A SAÚDE EIRELI - HOME CARE;OCS;11/2021;2021-09-15;2026-09-15;OUTROS;LOCAL-000389;OCS_LOCAL;Preço/dia;5.6;;Cadeira de Rodas Obeso até 180 kg
SÃO JOSE ASSISTÊNCIA A SAÚDE EIRELI - HOME CARE;OCS;11/2021;2021-09-15;2026-09-15;OUTROS;LOCAL-000390;OCS_LOCAL;Preço/dia;7.0;;Cadeira de rodas AVD reclinável com apoio cabeça
SÃO JOSE ASSISTÊNCIA A SAÚDE EIRELI - HOME CARE;OCS;11/2021;2021-09-15;2026-09-15;OUTROS;LOCAL-000391;OCS_LOCAL;Preço/dia;1.5;;Cadeira Higiênica
SÃO JOSE ASSISTÊNCIA A SAÚDE EIRELI - HOME CARE;OCS;11/2021;2021-09-15;2026-09-15;OUTROS;LOCAL-000392;OCS_LOCAL;Preço/dia;2.0;;Cadeira Higiênica c/ braço removível até 90 kg
SÃO JOSE ASSISTÊNCIA A SAÚDE EIRELI - HOME CARE;OCS;11/2021;2021-09-15;2026-09-15;OUTROS;LOCAL-000393;OCS_LOCAL;Preço/dia;2.0;;Cadeira Higiênica c/ braço removível Obeso
SÃO JOSE ASSISTÊNCIA A SAÚDE EIRELI - HOME CARE;OCS;11/2021;2021-09-15;2026-09-15;OUTROS;LOCAL-000394;OCS_LOCAL;Preço/dia;7.0;;Cadeira Higiênica Br c/ coletor universal
SÃO JOSE ASSISTÊNCIA A SAÚDE EIRELI - HOME CARE;OCS;11/2021;2021-09-15;2026-09-15;OUTROS;LOCAL-000395;OCS_LOCAL;Preço/dia;3.0;;Cadeira Higiênica Obeso até 120 kg
SÃO JOSE ASSISTÊNCIA A SAÚDE EIRELI - HOME CARE;OCS;11/2021;2021-09-15;2026-09-15;OUTROS;LOCAL-000396;OCS_LOCAL;Preço/dia;15.0;;Cama Elétrica com 5 movimentos
SÃO JOSE ASSISTÊNCIA A SAÚDE EIRELI - HOME CARE;OCS;11/2021;2021-09-15;2026-09-15;OUTROS;LOCAL-000397;OCS_LOCAL;Preço/dia;10.9;;Cama Hospitalar Elétrica c/ grade e colchão até 80 kg - Nacional
SÃO JOSE ASSISTÊNCIA A SAÚDE EIRELI - HOME CARE;OCS;11/2021;2021-09-15;2026-09-15;OUTROS;LOCAL-000398;OCS_LOCAL;Preço/dia;16.1;;Cama Hospitalar Elétrica c/ grade e colchão Obeso
SÃO JOSE ASSISTÊNCIA A SAÚDE EIRELI - HOME CARE;OCS;11/2021;2021-09-15;2026-09-15;OUTROS;LOCAL-000399;OCS_LOCAL;Preço/dia;6.0;;Cama Hospitalar Mecânica c/ grade e colchão até 80 kg
SÃO JOSE ASSISTÊNCIA A SAÚDE EIRELI - HOME CARE;OCS;11/2021;2021-09-15;2026-09-15;OUTROS;LOCAL-000400;OCS_LOCAL;Preço/dia;7.0;;Cama Hospitalar  Mecânica c/ grade e colchão Obeso
SÃO JOSE ASSISTÊNCIA A SAÚDE EIRELI - HOME CARE;OCS;11/2021;2021-09-15;2026-09-15;OUTROS;LOCAL-000401;OCS_LOCAL;Preço/dia;4.85;;Câmara da Base Aquecida
SÃO JOSE ASSISTÊNCIA A SAÚDE EIRELI - HOME CARE;OCS;11/2021;2021-09-15;2026-09-15;OUTROS;LOCAL-000402;OCS_LOCAL;Preço/dia;10.33;;Cesto do guincho
SÃO JOSE ASSISTÊNCIA A SAÚDE EIRELI - HOME CARE;OCS;11/2021;2021-09-15;2026-09-15;OUTROS;LOCAL-000403;OCS_LOCAL;Preço/dia;1.45;;Cateter de oxigênio com extensão 7m
SÃO JOSE ASSISTÊNCIA A SAÚDE EIRELI - HOME CARE;OCS;11/2021;2021-09-15;2026-09-15;OUTROS;LOCAL-000404;OCS_LOCAL;Preço/dia;0.3;;Cateter de oxigênio tipo óculos
SÃO JOSE ASSISTÊNCIA A SAÚDE EIRELI - HOME CARE;OCS;11/2021;2021-09-15;2026-09-15;OUTROS;LOCAL-000405;OCS_LOCAL;Preço venda;88.0;;Circuito Bipap não invasivo
SÃO JOSE ASSISTÊNCIA A SAÚDE EIRELI - HOME CARE;OCS;11/2021;2021-09-15;2026-09-15;OUTROS;LOCAL-000406;OCS_LOCAL;Preço venda;168.0;;Circuito Bipap Sistema Invasivo
SÃO JOSE ASSISTÊNCIA A SAÚDE EIRELI - HOME CARE;OCS;11/2021;2021-09-15;2026-09-15;OUTROS;LOCAL-000407;OCS_LOCAL;Preço venda;153.0;;Circuito CPAP invasivo
SÃO JOSE ASSISTÊNCIA A SAÚDE EIRELI - HOME CARE;OCS;11/2021;2021-09-15;2026-09-15;OUTROS;LOCAL-000408;OCS_LOCAL;Preço venda;35.0;;Conector 6x22
SÃO JOSE ASSISTÊNCIA A SAÚDE EIRELI - HOME CARE;OCS;11/2021;2021-09-15;2026-09-15;OUTROS;LOCAL-000409;OCS_LOCAL;Preço venda;147.0;;Copo macronebulizador com haste
SÃO JOSE ASSISTÊNCIA A SAÚDE EIRELI - HOME CARE;OCS;11/2021;2021-09-15;2026-09-15;OUTROS;LOCAL-000410;OCS_LOCAL;Preço venda;145.0;;Copo para aspirador elétrico
SÃO JOSE ASSISTÊNCIA A SAÚDE EIRELI - HOME CARE;OCS;11/2021;2021-09-15;2026-09-15;OUTROS;LOCAL-000411;OCS_LOCAL;Preço/dia;6.2;;Colchão Pneumático
SÃO JOSE ASSISTÊNCIA A SAÚDE EIRELI - HOME CARE;OCS;11/2021;2021-09-15;2026-09-15;OUTROS;LOCAL-000412;OCS_LOCAL;Preço/dia;13.5;;Concentrador 2 em 1 O2  + Inalador c/ Backup
SÃO JOSE ASSISTÊNCIA A SAÚDE EIRELI - HOME CARE;OCS;11/2021;2021-09-15;2026-09-15;OUTROS;LOCAL-000413;OCS_LOCAL;Preço/dia;16.0;;Concentrador 3 em 1 O2  + Nebulizador c/ Backup
SÃO JOSE ASSISTÊNCIA A SAÚDE EIRELI - HOME CARE;OCS;11/2021;2021-09-15;2026-09-15;OUTROS;LOCAL-000414;OCS_LOCAL;Preço/dia;23.0;;Concentrador 3 em 1 O2  + Nebulizador c/ Backup 10 l
SÃO JOSE ASSISTÊNCIA A SAÚDE EIRELI - HOME CARE;OCS;11/2021;2021-09-15;2026-09-15;OUTROS;LOCAL-000415;OCS_LOCAL;Preço/dia;13.5;;Concentrador de O2
SÃO JOSE ASSISTÊNCIA A SAÚDE EIRELI - HOME CARE;OCS;11/2021;2021-09-15;2026-09-15;OUTROS;LOCAL-000416;OCS_LOCAL;Preço/dia;6.66;;CPAP
SÃO JOSE ASSISTÊNCIA A SAÚDE EIRELI - HOME CARE;OCS;11/2021;2021-09-15;2026-09-15;OUTROS;LOCAL-000417;OCS_LOCAL;Preço/dia;10.4;;CPAP solo LX
SÃO JOSE ASSISTÊNCIA A SAÚDE EIRELI - HOME CARE;OCS;11/2021;2021-09-15;2026-09-15;OUTROS;LOCAL-000418;OCS_LOCAL;Preço/dia;0.3;;Escada 2 degraus
SÃO JOSE ASSISTÊNCIA A SAÚDE EIRELI - HOME CARE;OCS;11/2021;2021-09-15;2026-09-15;OUTROS;LOCAL-000419;OCS_LOCAL;Preço venda;21.0;;Extensão de aspirador
SÃO JOSE ASSISTÊNCIA A SAÚDE EIRELI - HOME CARE;OCS;11/2021;2021-09-15;2026-09-15;OUTROS;LOCAL-000420;OCS_LOCAL;Preço venda;21.0;;Extensão de oxigênio
SÃO JOSE ASSISTÊNCIA A SAÚDE EIRELI - HOME CARE;OCS;11/2021;2021-09-15;2026-09-15;OUTROS;LOCAL-000421;OCS_LOCAL;Preço venda;21.0;;Extensão de oxigênio com bico flexível
SÃO JOSE ASSISTÊNCIA A SAÚDE EIRELI - HOME CARE;OCS;11/2021;2021-09-15;2026-09-15;OUTROS;LOCAL-000422;OCS_LOCAL;Preço venda;42.0;;Extensão de concentrador
SÃO JOSE ASSISTÊNCIA A SAÚDE EIRELI - HOME CARE;OCS;11/2021;2021-09-15;2026-09-15;OUTROS;LOCAL-000423;OCS_LOCAL;Preço venda;51.0;;Filtro Bactéria
SÃO JOSE ASSISTÊNCIA A SAÚDE EIRELI - HOME CARE;OCS;11/2021;2021-09-15;2026-09-15;OUTROS;LOCAL-000424;OCS_LOCAL;Preço venda;59.0;;Filtro Pólen
SÃO JOSE ASSISTÊNCIA A SAÚDE EIRELI - HOME CARE;OCS;11/2021;2021-09-15;2026-09-15;OUTROS;LOCAL-000425;OCS_LOCAL;Preço venda;59.0;;Filtro Preto
SÃO JOSE ASSISTÊNCIA A SAÚDE EIRELI - HOME CARE;OCS;11/2021;2021-09-15;2026-09-15;OUTROS;LOCAL-000426;OCS_LOCAL;Preço/dia;2.0;;Fluxometro oxigênio até 15 l
SÃO JOSE ASSISTÊNCIA A SAÚDE EIRELI - HOME CARE;OCS;11/2021;2021-09-15;2026-09-15;OUTROS;LOCAL-000427;OCS_LOCAL;Preço/dia;2.0;;Fluxometro para cilindro portátil
SÃO JOSE ASSISTÊNCIA A SAÚDE EIRELI - HOME CARE;OCS;11/2021;2021-09-15;2026-09-15;OUTROS;LOCAL-000428;OCS_LOCAL;Preço venda;29.0;;Filtro Ultrafino
SÃO JOSE ASSISTÊNCIA A SAÚDE EIRELI - HOME CARE;OCS;11/2021;2021-09-15;2026-09-15;OUTROS;LOCAL-000429;OCS_LOCAL;Preço dia;17.5;;Guincho Elétrico de Transferência
SÃO JOSE ASSISTÊNCIA A SAÚDE EIRELI - HOME CARE;OCS;11/2021;2021-09-15;2026-09-15;OUTROS;LOCAL-000430;OCS_LOCAL;Preço venda;40.9;;Inalador em Linha
SÃO JOSE ASSISTÊNCIA A SAÚDE EIRELI - HOME CARE;OCS;11/2021;2021-09-15;2026-09-15;OUTROS;LOCAL-000431;OCS_LOCAL;Preço/dia;2.0;;Inalador Elétrico
SÃO JOSE ASSISTÊNCIA A SAÚDE EIRELI - HOME CARE;OCS;11/2021;2021-09-15;2026-09-15;OUTROS;LOCAL-000432;OCS_LOCAL;Preço/dia;2.8;;Inalador Ultrassônico
SÃO JOSE ASSISTÊNCIA A SAÚDE EIRELI - HOME CARE;OCS;11/2021;2021-09-15;2026-09-15;OUTROS;LOCAL-000433;OCS_LOCAL;Preço venda;21.0;;Kit Inalação
SÃO JOSE ASSISTÊNCIA A SAÚDE EIRELI - HOME CARE;OCS;11/2021;2021-09-15;2026-09-15;OUTROS;LOCAL-000434;OCS_LOCAL;Preço venda;27.0;;Kit Micronebulizador
SÃO JOSE ASSISTÊNCIA A SAÚDE EIRELI - HOME CARE;OCS;11/2021;2021-09-15;2026-09-15;OUTROS;LOCAL-000435;OCS_LOCAL;Preço venda;237.0;;Kit nebulizador
SÃO JOSE ASSISTÊNCIA A SAÚDE EIRELI - HOME CARE;OCS;11/2021;2021-09-15;2026-09-15;OUTROS;LOCAL-000436;OCS_LOCAL;Preço dia;90.0;;Kit para aspiração à vácuo
SÃO JOSE ASSISTÊNCIA A SAÚDE EIRELI - HOME CARE;OCS;11/2021;2021-09-15;2026-09-15;OUTROS;LOCAL-000437;OCS_LOCAL;Preço venda;125.0;;Máscara de CPAP facial
SÃO JOSE ASSISTÊNCIA A SAÚDE EIRELI - HOME CARE;OCS;11/2021;2021-09-15;2026-09-15;OUTROS;LOCAL-000438;OCS_LOCAL;Preço venda;980.0;;Máscara facial BIPAP completa
SÃO JOSE ASSISTÊNCIA A SAÚDE EIRELI - HOME CARE;OCS;11/2021;2021-09-15;2026-09-15;OUTROS;LOCAL-000439;OCS_LOCAL;Preço venda;230.0;;Máscara facial com borda inflável
SÃO JOSE ASSISTÊNCIA A SAÚDE EIRELI - HOME CARE;OCS;11/2021;2021-09-15;2026-09-15;OUTROS;LOCAL-000440;OCS_LOCAL;Preço venda;205.0;;Máscara nasal
SÃO JOSE ASSISTÊNCIA A SAÚDE EIRELI - HOME CARE;OCS;11/2021;2021-09-15;2026-09-15;OUTROS;LOCAL-000441;OCS_LOCAL;Preço venda;980.0;;Máscara nasal confort classic
SÃO JOSE ASSISTÊNCIA A SAÚDE EIRELI - HOME CARE;OCS;11/2021;2021-09-15;2026-09-15;OUTROS;LOCAL-000442;OCS_LOCAL;Preço venda;460.0;;Máscara nasal em gel Inspira
SÃO JOSE ASSISTÊNCIA A SAÚDE EIRELI - HOME CARE;OCS;11/2021;2021-09-15;2026-09-15;OUTROS;LOCAL-000443;OCS_LOCAL;Preço venda;29.0;;Máscara para inalação
SÃO JOSE ASSISTÊNCIA A SAÚDE EIRELI - HOME CARE;OCS;11/2021;2021-09-15;2026-09-15;OUTROS;LOCAL-000444;OCS_LOCAL;Preço venda;31.0;;Máscara para inalação infantil
SÃO JOSE ASSISTÊNCIA A SAÚDE EIRELI - HOME CARE;OCS;11/2021;2021-09-15;2026-09-15;OUTROS;LOCAL-000445;OCS_LOCAL;Preço/dia;0.67;;Máscara para traqueostomia adulto
SÃO JOSE ASSISTÊNCIA A SAÚDE EIRELI - HOME CARE;OCS;11/2021;2021-09-15;2026-09-15;OUTROS;LOCAL-000446;OCS_LOCAL;Preço/dia;0.66;;Máscara para traqueostomia infantil
SÃO JOSE ASSISTÊNCIA A SAÚDE EIRELI - HOME CARE;OCS;11/2021;2021-09-15;2026-09-15;OUTROS;LOCAL-000447;OCS_LOCAL;Preço/dia;1.83;;Macro nebulizador Adulto
SÃO JOSE ASSISTÊNCIA A SAÚDE EIRELI - HOME CARE;OCS;11/2021;2021-09-15;2026-09-15;OUTROS;LOCAL-000448;OCS_LOCAL;Preço/dia;1.83;;Macro Nebulizador Infantil
SÃO JOSE ASSISTÊNCIA A SAÚDE EIRELI - HOME CARE;OCS;11/2021;2021-09-15;2026-09-15;OUTROS;LOCAL-000449;OCS_LOCAL;Preço/dia;1.83;;Macro Nebulizador à Frio
SÃO JOSE ASSISTÊNCIA A SAÚDE EIRELI - HOME CARE;OCS;11/2021;2021-09-15;2026-09-15;OUTROS;LOCAL-000450;OCS_LOCAL;Preço/dia;1.77;;Macro Nebulizador Aquecido
SÃO JOSE ASSISTÊNCIA A SAÚDE EIRELI - HOME CARE;OCS;11/2021;2021-09-15;2026-09-15;OUTROS;LOCAL-000451;OCS_LOCAL;Preço/dia;18.7;;Mesa Ortostática
SÃO JOSE ASSISTÊNCIA A SAÚDE EIRELI - HOME CARE;OCS;11/2021;2021-09-15;2026-09-15;OUTROS;LOCAL-000452;OCS_LOCAL;Preço/dia;17.0;;Monitor APM STD 30
SÃO JOSE ASSISTÊNCIA A SAÚDE EIRELI - HOME CARE;OCS;11/2021;2021-09-15;2026-09-15;OUTROS;LOCAL-000453;OCS_LOCAL;Preço/dia;15.0;;Monitor Cardíaco
SÃO JOSE ASSISTÊNCIA A SAÚDE EIRELI - HOME CARE;OCS;11/2021;2021-09-15;2026-09-15;OUTROS;LOCAL-000454;OCS_LOCAL;Preço/dia;1.54;;Muleta Auxiliar Par
SÃO JOSE ASSISTÊNCIA A SAÚDE EIRELI - HOME CARE;OCS;11/2021;2021-09-15;2026-09-15;OUTROS;LOCAL-000455;OCS_LOCAL;Preço/dia;1.54;;Muleta Canadense Par
SÃO JOSE ASSISTÊNCIA A SAÚDE EIRELI - HOME CARE;OCS;11/2021;2021-09-15;2026-09-15;OUTROS;LOCAL-000456;OCS_LOCAL;Preço/dia;2.8;;Nebulizador inalatório
SÃO JOSE ASSISTÊNCIA A SAÚDE EIRELI - HOME CARE;OCS;11/2021;2021-09-15;2026-09-15;OUTROS;LOCAL-000457;OCS_LOCAL;Preço/dia;168.0;;Nebulizador p/ traqueostomia
SÃO JOSE ASSISTÊNCIA A SAÚDE EIRELI - HOME CARE;OCS;11/2021;2021-09-15;2026-09-15;OUTROS;LOCAL-000458;OCS_LOCAL;Preço/dia;168.0;;Nebulizador com Traquéia e Máscara
SÃO JOSE ASSISTÊNCIA A SAÚDE EIRELI - HOME CARE;OCS;11/2021;2021-09-15;2026-09-15;OUTROS;LOCAL-000459;OCS_LOCAL;Preço/dia;9.0;;No break Estabilizador de Energia + bateria
SÃO JOSE ASSISTÊNCIA A SAÚDE EIRELI - HOME CARE;OCS;11/2021;2021-09-15;2026-09-15;OUTROS;LOCAL-000460;OCS_LOCAL;Preço/dia;5.0;;Oxímetro de Pulso Elétrico Alarme 1003
SÃO JOSE ASSISTÊNCIA A SAÚDE EIRELI - HOME CARE;OCS;11/2021;2021-09-15;2026-09-15;OUTROS;LOCAL-000461;OCS_LOCAL;Preço/dia;7.0;;Oxímetro de Pulso Elétrico Mesa 1000
SÃO JOSE ASSISTÊNCIA A SAÚDE EIRELI - HOME CARE;OCS;11/2021;2021-09-15;2026-09-15;OUTROS;LOCAL-000462;OCS_LOCAL;Preço/dia;4.0;;Oxímetro de Pulso Portátil sem Alarme
SÃO JOSE ASSISTÊNCIA A SAÚDE EIRELI - HOME CARE;OCS;11/2021;2021-09-15;2026-09-15;OUTROS;LOCAL-000463;OCS_LOCAL;Preço/dia;45.0;;Porta entrada para oxigênio
SÃO JOSE ASSISTÊNCIA A SAÚDE EIRELI - HOME CARE;OCS;11/2021;2021-09-15;2026-09-15;OUTROS;LOCAL-000464;OCS_LOCAL;Preço/dia;2.84;;Quadro Balcânico
SÃO JOSE ASSISTÊNCIA A SAÚDE EIRELI - HOME CARE;OCS;11/2021;2021-09-15;2026-09-15;OUTROS;LOCAL-000465;OCS_LOCAL;Preço/dia;30.0;;Respirador Bipap Breas PV 101
SÃO JOSE ASSISTÊNCIA A SAÚDE EIRELI - HOME CARE;OCS;11/2021;2021-09-15;2026-09-15;OUTROS;LOCAL-000466;OCS_LOCAL;Preço/dia;30.0;;Respirador Bipap Breas PV 102
SÃO JOSE ASSISTÊNCIA A SAÚDE EIRELI - HOME CARE;OCS;11/2021;2021-09-15;2026-09-15;OUTROS;LOCAL-000467;OCS_LOCAL;Preço/dia;15.0;;Respirador Bipap Pro 10
SÃO JOSE ASSISTÊNCIA A SAÚDE EIRELI - HOME CARE;OCS;11/2021;2021-09-15;2026-09-15;OUTROS;LOCAL-000468;OCS_LOCAL;Preço/dia;15.0;;Respirador Bipap Quantum
SÃO JOSE ASSISTÊNCIA A SAÚDE EIRELI - HOME CARE;OCS;11/2021;2021-09-15;2026-09-15;OUTROS;LOCAL-000469;OCS_LOCAL;Preço/dia;12.0;;Respirador Bipap STD 30
SÃO JOSE ASSISTÊNCIA A SAÚDE EIRELI - HOME CARE;OCS;11/2021;2021-09-15;2026-09-15;OUTROS;LOCAL-000470;OCS_LOCAL;Preço/dia;45.0;;Respirador Bipap  Syncrony
SÃO JOSE ASSISTÊNCIA A SAÚDE EIRELI - HOME CARE;OCS;11/2021;2021-09-15;2026-09-15;OUTROS;LOCAL-000471;OCS_LOCAL;Preço/dia;45.0;;Respirador Bipap Syncrony Avaps
SÃO JOSE ASSISTÊNCIA A SAÚDE EIRELI - HOME CARE;OCS;11/2021;2021-09-15;2026-09-15;OUTROS;LOCAL-000472;OCS_LOCAL;Preço/dia;17.0;;Respirador Bipap Tranquility Bilevel
SÃO JOSE ASSISTÊNCIA A SAÚDE EIRELI - HOME CARE;OCS;11/2021;2021-09-15;2026-09-15;OUTROS;LOCAL-000473;OCS_LOCAL;Preço/dia;12.0;;Respirador CPAP Polaris E Breas
SÃO JOSE ASSISTÊNCIA A SAÚDE EIRELI - HOME CARE;OCS;11/2021;2021-09-15;2026-09-15;OUTROS;LOCAL-000474;OCS_LOCAL;Preço/dia;10.0;;Respirador CPAP Remstar
SÃO JOSE ASSISTÊNCIA A SAÚDE EIRELI - HOME CARE;OCS;11/2021;2021-09-15;2026-09-15;OUTROS;LOCAL-000475;OCS_LOCAL;Preço/dia;90.0;;Respirador Sttelar 150 Avaps
SÃO JOSE ASSISTÊNCIA A SAÚDE EIRELI - HOME CARE;OCS;11/2021;2021-09-15;2026-09-15;OUTROS;LOCAL-000476;OCS_LOCAL;Preço/dia;15.0;;Respirador CPAP Solo LX
SÃO JOSE ASSISTÊNCIA A SAÚDE EIRELI - HOME CARE;OCS;11/2021;2021-09-15;2026-09-15;OUTROS;LOCAL-000477;OCS_LOCAL;Preço/dia;10.0;;Respirador E 150 Newport
SÃO JOSE ASSISTÊNCIA A SAÚDE EIRELI - HOME CARE;OCS;11/2021;2021-09-15;2026-09-15;OUTROS;LOCAL-000478;OCS_LOCAL;Preço/dia;106.0;;Respirador Invent
SÃO JOSE ASSISTÊNCIA A SAÚDE EIRELI - HOME CARE;OCS;11/2021;2021-09-15;2026-09-15;OUTROS;LOCAL-000479;OCS_LOCAL;Preço/dia;89.0;;Respirador Newport HT 50
SÃO JOSE ASSISTÊNCIA A SAÚDE EIRELI - HOME CARE;OCS;11/2021;2021-09-15;2026-09-15;OUTROS;LOCAL-000480;OCS_LOCAL;Preço/dia;128.0;;Respirador Trilogy
SÃO JOSE ASSISTÊNCIA A SAÚDE EIRELI - HOME CARE;OCS;11/2021;2021-09-15;2026-09-15;OUTROS;LOCAL-000481;OCS_LOCAL;Preço/dia;99.0;;Respirador Vivo 30
SÃO JOSE ASSISTÊNCIA A SAÚDE EIRELI - HOME CARE;OCS;11/2021;2021-09-15;2026-09-15;OUTROS;LOCAL-000482;OCS_LOCAL;Preço/dia;100.0;;Respirador Vivo 40 Bi level
SÃO JOSE ASSISTÊNCIA A SAÚDE EIRELI - HOME CARE;OCS;11/2021;2021-09-15;2026-09-15;OUTROS;LOCAL-000483;OCS_LOCAL;Preço/dia;0.68;;Saída dupla de oxigênio
SÃO JOSE ASSISTÊNCIA A SAÚDE EIRELI - HOME CARE;OCS;11/2021;2021-09-15;2026-09-15;OUTROS;LOCAL-000484;OCS_LOCAL;Preço venda;120.0;;Sensor descartável de oxímetro
SÃO JOSE ASSISTÊNCIA A SAÚDE EIRELI - HOME CARE;OCS;11/2021;2021-09-15;2026-09-15;OUTROS;LOCAL-000485;OCS_LOCAL;Preço venda;24.0;;Super set
SÃO JOSE ASSISTÊNCIA A SAÚDE EIRELI - HOME CARE;OCS;11/2021;2021-09-15;2026-09-15;OUTROS;LOCAL-000486;OCS_LOCAL;Preço venda;140.0;;Suporte para máscara respironics
SÃO JOSE ASSISTÊNCIA A SAÚDE EIRELI - HOME CARE;OCS;11/2021;2021-09-15;2026-09-15;OUTROS;LOCAL-000487;OCS_LOCAL;Preço/dia;0.77;;Suporte de soro Fixo
SÃO JOSE ASSISTÊNCIA A SAÚDE EIRELI - HOME CARE;OCS;11/2021;2021-09-15;2026-09-15;OUTROS;LOCAL-000488;OCS_LOCAL;Preço/dia;0.77;;Suporte de soro móvel
SÃO JOSE ASSISTÊNCIA A SAÚDE EIRELI - HOME CARE;OCS;11/2021;2021-09-15;2026-09-15;OUTROS;LOCAL-000489;OCS_LOCAL;Preço/dia;0.55;;Suporte para Bomba de Infusão
SÃO JOSE ASSISTÊNCIA A SAÚDE EIRELI - HOME CARE;OCS;11/2021;2021-09-15;2026-09-15;OUTROS;LOCAL-000490;OCS_LOCAL;Preço/dia;1.67;;Suporte para respirador LTV 950
SÃO JOSE ASSISTÊNCIA A SAÚDE EIRELI - HOME CARE;OCS;11/2021;2021-09-15;2026-09-15;OUTROS;LOCAL-000491;OCS_LOCAL;Preço/dia;2.0;;Torpedo de ar comprimido 6 m3
SÃO JOSE ASSISTÊNCIA A SAÚDE EIRELI - HOME CARE;OCS;11/2021;2021-09-15;2026-09-15;OUTROS;LOCAL-000492;OCS_LOCAL;Preço/dia;2.0;;Torpedo de ar comprimido 10 m3
SÃO JOSE ASSISTÊNCIA A SAÚDE EIRELI - HOME CARE;OCS;11/2021;2021-09-15;2026-09-15;OUTROS;LOCAL-000493;OCS_LOCAL;Preço/dia;2.0;;Torpedo de Oxigênio 1 m3
SÃO JOSE ASSISTÊNCIA A SAÚDE EIRELI - HOME CARE;OCS;11/2021;2021-09-15;2026-09-15;OUTROS;LOCAL-000494;OCS_LOCAL;Preço/dia;2.0;;Torpedo de Oxigênio 3 m3
SÃO JOSE ASSISTÊNCIA A SAÚDE EIRELI - HOME CARE;OCS;11/2021;2021-09-15;2026-09-15;OUTROS;LOCAL-000495;OCS_LOCAL;Preço/dia;2.0;;Torpedo de Oxigênio 4 m3
SÃO JOSE ASSISTÊNCIA A SAÚDE EIRELI - HOME CARE;OCS;11/2021;2021-09-15;2026-09-15;OUTROS;LOCAL-000496;OCS_LOCAL;Preço/dia;2.0;;Torpedo de Oxigênio 6 m3
SÃO JOSE ASSISTÊNCIA A SAÚDE EIRELI - HOME CARE;OCS;11/2021;2021-09-15;2026-09-15;OUTROS;LOCAL-000497;OCS_LOCAL;Preço/dia;2.0;;Torpedo de Oxigênio 8 m3
SÃO JOSE ASSISTÊNCIA A SAÚDE EIRELI - HOME CARE;OCS;11/2021;2021-09-15;2026-09-15;OUTROS;LOCAL-000498;OCS_LOCAL;Preço venda;55.0;;Traquéia 22x22x180mm
SÃO JOSE ASSISTÊNCIA A SAÚDE EIRELI - HOME CARE;OCS;11/2021;2021-09-15;2026-09-15;OUTROS;LOCAL-000499;OCS_LOCAL;Preço venda;205.0;;Traquéia 3 metros
SÃO JOSE ASSISTÊNCIA A SAÚDE EIRELI - HOME CARE;OCS;11/2021;2021-09-15;2026-09-15;OUTROS;LOCAL-000500;OCS_LOCAL;Preço venda;155.0;;Traquéia pequena + Valvula exalatória
SÃO JOSE ASSISTÊNCIA A SAÚDE EIRELI - HOME CARE;OCS;11/2021;2021-09-15;2026-09-15;OUTROS;LOCAL-000501;OCS_LOCAL;Preço venda;35.0;;Tubo T
SÃO JOSE ASSISTÊNCIA A SAÚDE EIRELI - HOME CARE;OCS;11/2021;2021-09-15;2026-09-15;OUTROS;LOCAL-000502;OCS_LOCAL;Preço venda;42.0;;Umidificador com extensão
SÃO JOSE ASSISTÊNCIA A SAÚDE EIRELI - HOME CARE;OCS;11/2021;2021-09-15;2026-09-15;OUTROS;LOCAL-000503;OCS_LOCAL;Preço/dia;1.1;;Umidificador Aquecido Base com Copo
SÃO JOSE ASSISTÊNCIA A SAÚDE EIRELI - HOME CARE;OCS;11/2021;2021-09-15;2026-09-15;OUTROS;LOCAL-000504;OCS_LOCAL;Preço/dia;0.79;;Umidificador para O2
SÃO JOSE ASSISTÊNCIA A SAÚDE EIRELI - HOME CARE;OCS;11/2021;2021-09-15;2026-09-15;OUTROS;LOCAL-000505;OCS_LOCAL;Preço venda;38.0;;Válvula de exalação respironics
ONCOVIDA ONCO-HEMATOLOGIA LTDA;OCS;09/2024;2024-08-19;2034-06-19;OUTROS;LOCAL-000506;OCS_LOCAL;Sessão;51.05;;Patologia neurológica com dependência de atividades da vida diária
ONCOVIDA ONCO-HEMATOLOGIA LTDA;OCS;09/2024;2024-08-19;2034-06-19;OUTROS;LOCAL-000507;OCS_LOCAL;Sessão;73.8;;Patologia osteomioarticular em diferentes segmentos da coluna
ONCOVIDA ONCO-HEMATOLOGIA LTDA;OCS;09/2024;2024-08-19;2034-06-19;OUTROS;LOCAL-000508;OCS_LOCAL;Sessão;60.05;;Sessão de Patologia osteomioarticular em dois ou mais membros
ONCOVIDA ONCO-HEMATOLOGIA LTDA;OCS;09/2024;2024-08-19;2034-06-19;OUTROS;LOCAL-000509;OCS_LOCAL;Sessão;45.32;;Patologia osteomioarticular em um membro
ONCOVIDA ONCO-HEMATOLOGIA LTDA;OCS;09/2024;2024-08-19;2034-06-19;OUTROS;LOCAL-000510;OCS_LOCAL;Sessão;42.45;;Patologia osteomioarticular em um segmento da coluna
ONCOVIDA ONCO-HEMATOLOGIA LTDA;OCS;09/2024;2024-08-19;2034-06-19;OUTROS;LOCAL-000511;OCS_LOCAL;Sessão;47.61;;Patologias osteomioarticulares com dependência de atividades da vida diária
ONCOVIDA ONCO-HEMATOLOGIA LTDA;OCS;09/2024;2024-08-19;2034-06-19;OUTROS;LOCAL-000512;OCS_LOCAL;Sessão;65.4;;Psicologia
ONCOVIDA ONCO-HEMATOLOGIA LTDA;OCS;09/2024;2024-08-19;2034-06-19;OUTROS;LOCAL-000513;OCS_LOCAL;Sessão;54.5;;Fonoaudiologia
ONCOVIDA ONCO-HEMATOLOGIA LTDA;OCS;09/2024;2024-08-19;2034-06-19;OUTROS;LOCAL-000514;OCS_LOCAL;Sessão;49.03;;Terapia Ocupacional
ONCOVIDA ONCO-HEMATOLOGIA LTDA;OCS;09/2024;2024-08-19;2034-06-19;OUTROS;LOCAL-000515;OCS_LOCAL;Sessão;70.85;;Acupuntura
ASSOCIAÇÃO DE EQUOTERAPIA SAÚDE E EDUCAÇÃO TROTANDO EM FRENTE LTDA;OCS;16/2020;2021-07-13;2026-07-13;OUTROS;LOCAL-000516;OCS_LOCAL;Sessão;100.0;;Equoterapia
ASSOCIAÇÃO DE EQUOTERAPIA SAÚDE E EDUCAÇÃO TROTANDO EM FRENTE LTDA;OCS;16/2020;2021-07-13;2026-07-13;OUTROS;LOCAL-000517;OCS_LOCAL;Avaliação;60.0;;Fonoaudiologia
ASSOCIAÇÃO DE EQUOTERAPIA SAÚDE E EDUCAÇÃO TROTANDO EM FRENTE LTDA;OCS;16/2020;2021-07-13;2026-07-13;OUTROS;LOCAL-000518;OCS_LOCAL;Avaliação;60.0;;Fisioterapêuta
ASSOCIAÇÃO DE EQUOTERAPIA SAÚDE E EDUCAÇÃO TROTANDO EM FRENTE LTDA;OCS;16/2020;2021-07-13;2026-07-13;OUTROS;LOCAL-000519;OCS_LOCAL;Sessão;60.0;;Acupuntura
ASSOCIAÇÃO DE EQUOTERAPIA SAÚDE E EDUCAÇÃO TROTANDO EM FRENTE LTDA;OCS;16/2020;2021-07-13;2026-07-13;OUTROS;LOCAL-000520;OCS_LOCAL;Sessão;50.0;;RPG
ASSOCIAÇÃO DE EQUOTERAPIA SAÚDE E EDUCAÇÃO TROTANDO EM FRENTE LTDA;OCS;16/2020;2021-07-13;2026-07-13;OUTROS;LOCAL-000521;OCS_LOCAL;Sessão;60.0;;Psicoterapia
SERVASC CLÍNICA VASCULAR LTDA;OCS;22/2020;2021-07-13;2026-07-13;OUTROS;LOCAL-000522;OCS_LOCAL;Avaliação;85.0;;Psicologia
SERVASC CLÍNICA VASCULAR LTDA;OCS;22/2020;2021-07-13;2026-07-13;OUTROS;LOCAL-000523;OCS_LOCAL;Sessão;60.0;;Psicologia
ENDOCARD CLÍNICA MÉDICA D.B.F. LTDA;OCS;11/2020;2021-07-13;2026-07-13;OUTROS;LOCAL-000524;OCS_LOCAL;Avaliação;92.65;;Psicologia
ENDOCARD CLÍNICA MÉDICA D.B.F. LTDA;OCS;11/2020;2021-07-13;2026-07-13;OUTROS;LOCAL-000525;OCS_LOCAL;Sessão;65.4;;Psicologia
COE CENTRO DE OLHOS E ESPECIALIDADES;OCS;15/2020;2021-07-13;2026-07-13;OUTROS;LOCAL-000526;OCS_LOCAL;Consulta;89.44;;Consulta eletiva consultório
COE CENTRO DE OLHOS E ESPECIALIDADES;OCS;15/2020;2021-07-13;2026-07-13;OUTROS;LOCAL-000527;OCS_LOCAL;Avaliação;60.0;;Psicologia
COE CENTRO DE OLHOS E ESPECIALIDADES;OCS;15/2020;2021-07-13;2026-07-13;OUTROS;LOCAL-000528;OCS_LOCAL;Sessão;41.27;;Psicologia
PERSONALCLIN - PRESTAÇÃO DE SERVIÇOS DE SAÚDE EIRELI;OCS;13/2020;2021-07-02;2026-07-02;OUTROS;LOCAL-000529;OCS_LOCAL;Avaliação;45.0;;FONOAUDIOLOGIA
PERSONALCLIN - PRESTAÇÃO DE SERVIÇOS DE SAÚDE EIRELI;OCS;13/2020;2021-07-02;2026-07-02;OUTROS;LOCAL-000530;OCS_LOCAL;Sessão;45.0;;FONOAUDIOLOGIA
PERSONALCLIN - PRESTAÇÃO DE SERVIÇOS DE SAÚDE EIRELI;OCS;13/2020;2021-07-02;2026-07-02;OUTROS;LOCAL-000531;OCS_LOCAL;Consulta;45.0;;FISIOTERAPEUTA
PERSONALCLIN - PRESTAÇÃO DE SERVIÇOS DE SAÚDE EIRELI;OCS;13/2020;2021-07-02;2026-07-02;OUTROS;LOCAL-000532;OCS_LOCAL;Sessão;45.0;;FISIOTERAPEUTA
PERSONALCLIN - PRESTAÇÃO DE SERVIÇOS DE SAÚDE EIRELI;OCS;13/2020;2021-07-02;2026-07-02;OUTROS;LOCAL-000533;OCS_LOCAL;Sessão;45.0;;ACUPUNTURA
PERSONALCLIN - PRESTAÇÃO DE SERVIÇOS DE SAÚDE EIRELI;OCS;13/2020;2021-07-02;2026-07-02;OUTROS;LOCAL-000534;OCS_LOCAL;Sessão;200.0;;NEUROPSICOLOGIA
PERSONALCLIN - PRESTAÇÃO DE SERVIÇOS DE SAÚDE EIRELI;OCS;13/2020;2021-07-02;2026-07-02;OUTROS;LOCAL-000535;OCS_LOCAL;Sessão;50.0;;RPG
PERSONALCLIN - PRESTAÇÃO DE SERVIÇOS DE SAÚDE EIRELI;OCS;13/2020;2021-07-02;2026-07-02;OUTROS;LOCAL-000536;OCS_LOCAL;Avaliação;45.0;;PSICOLOGIA
PERSONALCLIN - PRESTAÇÃO DE SERVIÇOS DE SAÚDE EIRELI;OCS;13/2020;2021-07-02;2026-07-02;OUTROS;LOCAL-000537;OCS_LOCAL;Sessão;45.0;;PSICOLOGIA
CLÍNICA DE EMAGRECIMENTO E BEM ESTAR;OCS;18/2020;2021-07-22;2026-07-22;OUTROS;LOCAL-000538;OCS_LOCAL;Avaliação;65.0;;NUTRIÇÃO
CLÍNICA DE EMAGRECIMENTO E BEM ESTAR;OCS;18/2020;2021-07-22;2026-07-22;OUTROS;LOCAL-000539;OCS_LOCAL;Avaliação da composição corporal por bioimpedância;20.0;;NUTRIÇÃO
CLÍNICA DE EMAGRECIMENTO E BEM ESTAR;OCS;18/2020;2021-07-22;2026-07-22;OUTROS;LOCAL-000540;OCS_LOCAL;Consulta;65.0;;PSICOLOGIA
CLÍNICA DE EMAGRECIMENTO E BEM ESTAR;OCS;18/2020;2021-07-22;2026-07-22;OUTROS;LOCAL-000541;OCS_LOCAL;Sessão;65.0;;PSICOLOGIA
CLÍNICA DE EMAGRECIMENTO E BEM ESTAR;OCS;18/2020;2021-07-22;2026-07-22;OUTROS;LOCAL-000542;OCS_LOCAL;Sessão;40.0;;FISIOTERAPIA
CEMEV-CLÍNICA DE ESPECIALIDADES MÉDICAS DO VALE LTDA;OCS;28/2020;2021-10-13;2026-10-13;OUTROS;LOCAL-000543;OCS_LOCAL;Consulta;89.44;;Consulta eletiva consultório
CENTRO MÉDICO E OFTALMOLÓGICO ALMEIDA CREPALDI LTDA;OCS;06/2021;2021-11-18;2026-11-18;OUTROS;LOCAL-000544;OCS_LOCAL;Avaliação;70.0;120;FONOAUDIOLOGIA
CENTRO MÉDICO E OFTALMOLÓGICO ALMEIDA CREPALDI LTDA;OCS;06/2021;2021-11-18;2026-11-18;OUTROS;LOCAL-000545;OCS_LOCAL;Sessão;41.27;120;FONOAUDIOLOGIA
CENTRO MÉDICO E OFTALMOLÓGICO ALMEIDA CREPALDI LTDA;OCS;06/2021;2021-11-18;2026-11-18;OUTROS;LOCAL-000546;OCS_LOCAL;Sessão;50.0;80;FISIOTERAPIA
CENTRO MÉDICO E OFTALMOLÓGICO ALMEIDA CREPALDI LTDA;OCS;06/2021;2021-11-18;2026-11-18;OUTROS;LOCAL-000547;OCS_LOCAL;Avaliação;55.0;120;TERAPIA OCUPACIONAL
CENTRO MÉDICO E OFTALMOLÓGICO ALMEIDA CREPALDI LTDA;OCS;06/2021;2021-11-18;2026-11-18;OUTROS;LOCAL-000548;OCS_LOCAL;Sessão;50.96;120;TERAPIA OCUPACIONAL
CENTRO MÉDICO E OFTALMOLÓGICO ALMEIDA CREPALDI LTDA;OCS;06/2021;2021-11-18;2026-11-18;OUTROS;LOCAL-000549;OCS_LOCAL;Avaliação;70.0;120;PSICOLOGIA
CENTRO MÉDICO E OFTALMOLÓGICO ALMEIDA CREPALDI LTDA;OCS;06/2021;2021-11-18;2026-11-18;OUTROS;LOCAL-000550;OCS_LOCAL;Sessão;60.0;120;PSICOLOGIA
CENTRO MÉDICO E OFTALMOLÓGICO ALMEIDA CREPALDI LTDA;OCS;06/2021;2021-11-18;2026-11-18;OUTROS;LOCAL-000551;OCS_LOCAL;Pterígio exérese, Recobrimento Conjuntival e Autotransplante Conjuntival;600.0;;Cirúrgia Pterígio exérese
MASTERCLIN CLÍNICA FISIOTERAPÊUTICA LTDA;OCS;24/2021;2021-12-07;2026-12-07;OUTROS;LOCAL-000552;OCS_LOCAL;Consulta;45.0;;Fisioterapêuta
MASTERCLIN CLÍNICA FISIOTERAPÊUTICA LTDA;OCS;24/2021;2021-12-07;2026-12-07;OUTROS;LOCAL-000553;OCS_LOCAL;Sessão;45.0;;Fisioterapia
MASTERCLIN CLÍNICA FISIOTERAPÊUTICA LTDA;OCS;24/2021;2021-12-07;2026-12-07;OUTROS;LOCAL-000554;OCS_LOCAL;Sessão;40.0;;RPG
PLANI DIAGNÓSTICOS MÉDICOS LTDA;OCS;30/2021;2021-03-21;2026-03-21;OUTROS;LOCAL-000555;OCS_LOCAL;ANESTESIA;380.0;;anestesia para tomografia
PLANI DIAGNÓSTICOS MÉDICOS LTDA;OCS;30/2021;2021-03-21;2026-03-21;OUTROS;LOCAL-000556;OCS_LOCAL;ANESTESIA;380.0;;anestesia para ressonancia
PLANI DIAGNÓSTICOS MÉDICOS LTDA;OCS;30/2021;2021-03-21;2026-03-21;OUTROS;LOCAL-000557;OCS_LOCAL;ANÁLISES CLINICAS;120.0;;CORONAVIRUS COVID-19 TESTE SARS-COV-2 Teste rápido
PLANI DIAGNÓSTICOS MÉDICOS LTDA;OCS;30/2021;2021-03-21;2026-03-21;OUTROS;LOCAL-000558;OCS_LOCAL;PET;3069.0;;PET CT
CLÍNICA OFTALMOLÓGICA ALMEIDA E VENÂNCIO LTDA;OCS;34/2021;2022-04-06;2027-04-06;OUTROS;LOCAL-000559;OCS_LOCAL;Correção cirúrgica de ectrópio ou entrópio, Correção de bolsas palpebrais - unilateral, Dermatocalaze ou Blefarocalaze - unilateral Epicanto - correção cirúrgica - unilateral Lagoftalmo - correção cirúrgica Pálpebra - reconstrução parcial (com ou sem ressecção de tumor) Pálpebra - reconstrução total (com ou sem ressecção de tumor) Ptose palpebral - correção cirúrgica - unilateral Ressecção de tumores palpebrais, Retração palpebral Simbléfaro com ou sem enxerto - correção cirúrgica Supercílio - reconstrução total.;1040.46;;Cirúrgia Correção Palpebral
CLÍNICA OFTALMOLÓGICA ALMEIDA E VENÂNCIO LTDA;OCS;34/2021;2022-04-06;2027-04-06;OUTROS;LOCAL-000560;OCS_LOCAL;Cirúrgica da glândula lacrimal;2800.0;;Cirúrgia Correção das Vias Lacrimais
CLÍNICA OFTALMOLÓGICA ALMEIDA E VENÂNCIO LTDA;OCS;34/2021;2022-04-06;2027-04-06;OUTROS;LOCAL-000561;OCS_LOCAL;Dacriocistectomia - unilateral, Dacriocistorrinostomia com ou sem intubação - unilateral;3225.42;;Cirúrgia Correção das Vias Lacrimais
CLÍNICA OFTALMOLÓGICA ALMEIDA E VENÂNCIO LTDA;OCS;34/2021;2022-04-06;2027-04-06;OUTROS;LOCAL-000562;OCS_LOCAL;Reconstituição de vias lacrimais com silicone ou outro material.;2800.0;;Cirúrgia Correção das Vias Lacrimais
CLÍNICA OFTALMOLÓGICA ALMEIDA E VENÂNCIO LTDA;OCS;34/2021;2022-04-06;2027-04-06;OUTROS;LOCAL-000563;OCS_LOCAL;Exérese de tumor de pálpebra - Reconstrução parcial palpebral;765.0;;Cirúrgia Lesões Tumorais Palpebrais
CLÍNICA OFTALMOLÓGICA ALMEIDA E VENÂNCIO LTDA;OCS;34/2021;2022-04-06;2027-04-06;OUTROS;LOCAL-000564;OCS_LOCAL;Fototrabeculoplastia Comum;680.0;;Fototrabeculoplastia
CLÍNICA OFTALMOLÓGICA ALMEIDA E VENÂNCIO LTDA;OCS;34/2021;2022-04-06;2027-04-06;OUTROS;LOCAL-000565;OCS_LOCAL;Fototrabeculoplastia seletiva;1200.0;;Fototrabeculoplastia
CLÍNICA OFTALMOLÓGICA ALMEIDA E VENÂNCIO LTDA;OCS;34/2021;2022-04-06;2027-04-06;OUTROS;LOCAL-000566;OCS_LOCAL;Pterígio exérese, Recobrimento Conjuntival e Autotransplante Conjuntival;1180.0;;Cirúrgia Pterígio exérese - Monocular
CLÍNICA OFTALMOLÓGICA ALMEIDA E VENÂNCIO LTDA;OCS;34/2021;2022-04-06;2027-04-06;OUTROS;LOCAL-000567;OCS_LOCAL;Pterígio exérese, Recobrimento Conjuntival e Autotransplante Conjuntival;2360.0;;Cirúrgia Pterígio exérese - Binocular
CLÍNICA OFTALMOLÓGICA ALMEIDA E VENÂNCIO LTDA;OCS;34/2021;2022-04-06;2027-04-06;OUTROS;LOCAL-000568;OCS_LOCAL;Facectomia por olho;4200.0;;Facectomia
CENTRO DE VALORIZAÇÃO DA VIDA FRANCISCA JULIA;OCS;20/2021;2022-10-25;2027-10-25;PSIQUIATRA;LOCAL-000569;OCS_LOCAL;Avaliação/Sessão;45.0;;Psicoterapia
CENTRO DE VALORIZAÇÃO DA VIDA FRANCISCA JULIA;OCS;20/2021;2022-10-25;2027-10-25;PSIQUIATRA;LOCAL-000570;OCS_LOCAL;Dia;300.0;;Enfermaria Psiquiatria
INSTITUTO DE RADIOTERAPIA DO VALE DO PARAÍBA LTDA;OCS;14/2023;2024-04-23;2029-04-23;OUTROS;LOCAL-000571;OCS_LOCAL;Taxa;142.0;;Sala de Procedimento
Dra. NAZARÉ JAQUELINE DE LIMA MARQUES;PSA;14/2022;2022-08-22;2027-08-22;OUTROS;LOCAL-000572;OCS_LOCAL;primeira consulta/terapia cognitivo comportamental;85.0;;Psicologia
Dra. NAZARÉ JAQUELINE DE LIMA MARQUES;PSA;14/2022;2022-08-22;2027-08-22;OUTROS;LOCAL-000573;OCS_LOCAL;Sessão de psicoterapia/terapia cognitivo comportamental;60.0;;Psicologia
VID LAP SS LTDA;OCS;10/2024;2024-08-28;2034-06-28;OUTROS;LOCAL-000574;OCS_LOCAL;Toda cirurgia que for realizada por videolaparoscopico;200.0;;Taxas Diversas/VIDEO CIRURGICO
HEMACORE - SERVIÇO DE HEMATOLOGIA DE SJC LTDA;OCS;08/2024;2024-11-04;2034-09-04;OUTROS;LOCAL-000575;OCS_LOCAL;Será vinculado a manutenção de cateter Porth-a-cath, PICC e Perm- cath;25.0;;Taxa de permeabilização de cateter de longa permanência - Código 60018607
HEMACORE - SERVIÇO DE HEMATOLOGIA DE SJC LTDA;OCS;08/2024;2024-11-04;2034-09-04;OUTROS;LOCAL-000576;OCS_LOCAL;Será vinculado a infusão de hemoterápico ambulatorial;85.21;;Taxa de aplicação de hemoterápico, por uso/sessão - Código 60015284
HOSPITAL DE OLHOS DO VALE - EXCIMER LASER VALE DO PARAIBA LTDA;OCS;15/24;2025-01-22;2034-11-22;OUTROS;LOCAL-000577;OCS_LOCAL;30304105 - DELAMINAÇÃO  CORNEANA  COM  FOTOABLAÇÃO  ESTROMAL  -  LASIK  -  (COM FEMTO);2000.0;;CIRURGIAS OFTALMOLÓGICAS: CÓRNEA
HOSPITAL DE OLHOS DO VALE - EXCIMER LASER VALE DO PARAIBA LTDA;OCS;15/24;2025-01-22;2034-11-22;OUTROS;LOCAL-000578;OCS_LOCAL;30304083 - IMPLANTE DE ANEL - FEMTO;3646.7;;CIRURGIAS OFTALMOLÓGICAS: CÓRNEA
HOSPITAL DE OLHOS DO VALE - EXCIMER LASER VALE DO PARAIBA LTDA;OCS;15/24;2025-01-22;2034-11-22;OUTROS;LOCAL-000579;OCS_LOCAL;30304156 - CROSS LINKING – RADIAÇÃO P/ CROSS LINKING CORNEANO;1800.0;;CIRURGIAS OFTALMOLÓGICAS: CÓRNEA
HOSPITAL DE OLHOS DO VALE - EXCIMER LASER VALE DO PARAIBA LTDA;OCS;15/24;2025-01-22;2034-11-22;OUTROS;LOCAL-000580;OCS_LOCAL;30306027 - FACECTOMIA;4200.0;;CIRURGIAS OFTALMOLÓGICAS: CRISTALINO
HOSPITAL DE OLHOS DO VALE - EXCIMER LASER VALE DO PARAIBA LTDA;OCS;15/24;2025-01-22;2034-11-22;OUTROS;LOCAL-000581;OCS_LOCAL;30307147 - APLICAÇÃO DE OZURDEX - IMPL. INTRAVÍTREO POLÍMERO FARMACOLÓGICO;4525.68;;CIRURGIAS OFTALMOLÓGICAS: CORPO VÍTREO
HOSPITAL DE OLHOS DO VALE - EXCIMER LASER VALE DO PARAIBA LTDA;OCS;15/24;2025-01-22;2034-11-22;OUTROS;LOCAL-000582;OCS_LOCAL;30303060 - PTERÍGIO ( C/ COLA ORGÂNICA)  - MONOCULAR;1286.2;;CIRURGIAS OFTALMOLÓGICAS: CONJUNTIVA
HOSPITAL DE OLHOS DO VALE - EXCIMER LASER VALE DO PARAIBA LTDA;OCS;15/24;2025-01-22;2034-11-22;OUTROS;LOCAL-000583;OCS_LOCAL;30303060 - PTERÍGIO ( C/ COLA ORGÂNICA)  - BINOCULAR;2572.4;;CIRURGIAS OFTALMOLÓGICAS: CONJUNTIVA
IPMMI-HOSPITALPIO XII;OCS;19/2024;2024-03-17;2034-11-17;OUTROS;LOCAL-000584;OCS_LOCAL;Dia;513.08;;"Diária Acomodação – Isolamento Apartamento
Adulto/Infantil"
IPMMI-HOSPITALPIO XII;OCS;19/2024;2024-03-17;2034-11-17;OUTROS;LOCAL-000585;OCS_LOCAL;Dia;364.89;;Diária Acomodação - Isolamento Enfermaria - Adulto/Infantil
IPMMI-HOSPITALPIO XII;OCS;19/2024;2024-03-17;2034-11-17;OUTROS;LOCAL-000586;OCS_LOCAL;Dia;274.56;;Diária Acomodação em Day Clinic
IPMMI-HOSPITALPIO XII;OCS;19/2024;2024-03-17;2034-11-17;OUTROS;LOCAL-000587;OCS_LOCAL;Dia;308.88;;Diária Enfermaria Adulto/Infantil
IPMMI-HOSPITALPIO XII;OCS;19/2024;2024-03-17;2034-11-17;OUTROS;LOCAL-000588;OCS_LOCAL;Dia;497.64;;Diária Apartamento Adulto/Infantil
IPMMI-HOSPITALPIO XII;OCS;19/2024;2024-03-17;2034-11-17;OUTROS;LOCAL-000589;OCS_LOCAL;Dia;955.32;;Diária UTI (Adulto/Infantil)
IPMMI-HOSPITALPIO XII;OCS;19/2024;2024-03-17;2034-11-17;OUTROS;LOCAL-000590;OCS_LOCAL;Dia;926.64;;Diária UTI (Neonatal – Incluso berço aquecido, incubadora, monitorização)
IPMMI-HOSPITALPIO XII;OCS;19/2024;2024-03-17;2034-11-17;OUTROS;LOCAL-000591;OCS_LOCAL;Dia;196.56;;Berçário
IPMMI-HOSPITALPIO XII;OCS;19/2024;2024-03-17;2034-11-17;OUTROS;LOCAL-000592;OCS_LOCAL;Dia;241.27;;Berçário – RN Isolamento
IPMMI-HOSPITALPIO XII;OCS;19/2024;2024-03-17;2034-11-17;OUTROS;LOCAL-000593;OCS_LOCAL;Dia;299.95;;Berçário – RN Patológico
IPMMI-HOSPITALPIO XII;OCS;19/2024;2024-03-17;2034-11-17;OUTROS;LOCAL-000594;OCS_LOCAL;Hora;11.94;;Taxa de ar comprimido
IPMMI-HOSPITALPIO XII;OCS;19/2024;2024-03-17;2034-11-17;OUTROS;LOCAL-000595;OCS_LOCAL;Hora;27.0;;Taxa de Dióxido de carbono
IPMMI-HOSPITALPIO XII;OCS;19/2024;2024-03-17;2034-11-17;OUTROS;LOCAL-000596;OCS_LOCAL;Hora;24.61;;Taxa de Oxigênio Baixo fluxo
IPMMI-HOSPITALPIO XII;OCS;19/2024;2024-03-17;2034-11-17;OUTROS;LOCAL-000597;OCS_LOCAL;Hora;27.83;;Taxa de Oxigênio Alto fluxo
IPMMI-HOSPITALPIO XII;OCS;19/2024;2024-03-17;2034-11-17;OUTROS;LOCAL-000598;OCS_LOCAL;Hora;29.69;;Taxa de Protóxido Azoto
IPMMI-HOSPITALPIO XII;OCS;19/2024;2024-03-17;2034-11-17;OUTROS;LOCAL-000599;OCS_LOCAL;Hora;29.69;;Taxa de Oxido Nitroso/Nitrogênio
IPMMI-HOSPITALPIO XII;OCS;19/2024;2024-03-17;2034-11-17;OUTROS;LOCAL-000600;OCS_LOCAL;Taxa;151.28;;Sala de Emergência
IPMMI-HOSPITALPIO XII;OCS;19/2024;2024-03-17;2034-11-17;OUTROS;LOCAL-000601;OCS_LOCAL;Taxa;21.0;;Sala de Observação até 3 horas
IPMMI-HOSPITALPIO XII;OCS;19/2024;2024-03-17;2034-11-17;OUTROS;LOCAL-000602;OCS_LOCAL;Taxa;46.0;;Sala de Observação até 6 horas
IPMMI-HOSPITALPIO XII;OCS;19/2024;2024-03-17;2034-11-17;OUTROS;LOCAL-000603;OCS_LOCAL;Taxa;108.0;;Sala de Quimioterapia
IPMMI-HOSPITALPIO XII;OCS;19/2024;2024-03-17;2034-11-17;OUTROS;LOCAL-000604;OCS_LOCAL;Taxa;128.46;;Sala de Colonoscopia
IPMMI-HOSPITALPIO XII;OCS;19/2024;2024-03-17;2034-11-17;OUTROS;LOCAL-000605;OCS_LOCAL;Taxa;51.06;;Sala de Gesso
IPMMI-HOSPITALPIO XII;OCS;19/2024;2024-03-17;2034-11-17;OUTROS;LOCAL-000606;OCS_LOCAL;Taxa;155.04;;Sala de Pequena Cirurgia Ambulatorial (PA)
IPMMI-HOSPITALPIO XII;OCS;19/2024;2024-03-17;2034-11-17;OUTROS;LOCAL-000607;OCS_LOCAL;Por Uso;88.35;;Sala de recuperação Pós Anestesia
IPMMI-HOSPITALPIO XII;OCS;19/2024;2024-03-17;2034-11-17;OUTROS;LOCAL-000608;OCS_LOCAL;Taxa;5.66;;Taxa de Observação - horas excedentes - PA
IPMMI-HOSPITALPIO XII;OCS;19/2024;2024-03-17;2034-11-17;OUTROS;LOCAL-000609;OCS_LOCAL;Dia;1359.75;;Parto Múltiplo
IPMMI-HOSPITALPIO XII;OCS;19/2024;2024-03-17;2034-11-17;OUTROS;LOCAL-000610;OCS_LOCAL;"1 x visita quinzenal do enfermeiro;
1 x visita mensal do médico;
1 x visita mensal do nutricionista;
2 x atendimentos semanais do fisioterapeuta; e
1 x atendimento semanal do fonoaudiólogo";182.0;;6h de Enfermagem
IPMMI-HOSPITALPIO XII;OCS;19/2024;2024-03-17;2034-11-17;OUTROS;LOCAL-000611;OCS_LOCAL;"1 x visita semanal do enfermeiro;
1 x visita quinzenal do médico;
1 x visita mensal do nutricionista;
3 x atendimentos semanais do fisioterapeuta; 
1 x atendimento semanal do fonoaudiólogo;
Coleta de exames na residência.";305.76;;12h de Enfermagem
IPMMI-HOSPITALPIO XII;OCS;19/2024;2024-03-17;2034-11-17;OUTROS;LOCAL-000612;OCS_LOCAL;"1 x visita semanal do enfermeiro;
1 x visita semanal do médico;
1 x visita quinzenal do nutricionista;
5 x atendimentos semanais do fisioterapeuta; e
2 x atendimento semanal do fonoaudiólogo.";509.6;;24h de Enfermagem
NXT TLECONSULTA;OCS;02/25;2025-04-02;2026-04-01;OUTROS;LOCAL-000613;OCS_LOCAL;Teleconsulta;65.49;;Todas as especialidades
CLÍNICA DE NEURODESENVOLVIMENTO TEAR MAIS;OCS;20/24;2025-09-11;2035-08-11;OUTROS;LOCAL-000614;OCS_LOCAL;NEUROPSICOLÓGICA (CONS-SADT-C/HON);1100.0;;PCT AVALIAÇÃO
CLÍNICA DE NEURODESENVOLVIMENTO TEAR MAIS;OCS;20/24;2025-09-11;2035-08-11;OUTROS;LOCAL-000615;OCS_LOCAL;PSICOMOTRICIDADE - SESSÃO TERAPIA ESPECIAL POR INDIVÍDUO(HORA) AMBULATORIAL C/HNN);130.0;;PCT TEA –
CLÍNICA DE NEURODESENVOLVIMENTO TEAR MAIS;OCS;20/24;2025-09-11;2035-08-11;OUTROS;LOCAL-000616;OCS_LOCAL;SESSÃOFONOAUDIOLOGIA PORSESSÃO/HORA (SADT – C/HMN);130.0;;PCT TEA
CLÍNICA DE NEURODESENVOLVIMENTO TEAR MAIS;OCS;20/24;2025-09-11;2035-08-11;OUTROS;LOCAL-000617;OCS_LOCAL;SESSÃO PSICOLOGIA POR SESSÃO/HORA (SADT – C/HNN);130.0;;PCT TEA
CLÍNICA DE NEURODESENVOLVIMENTO TEAR MAIS;OCS;20/24;2025-09-11;2035-08-11;OUTROS;LOCAL-000618;OCS_LOCAL;SESSÃO TERAPIA OCUPACIONAL POR SESSÃO/HORA (SADT – C/HNN);130.0;;PCT TEA
CLÍNICA DE NEURODESENVOLVIMENTO TEAR MAIS;OCS;20/24;2025-09-11;2035-08-11;OUTROS;LOCAL-000619;OCS_LOCAL;SESSÃO TERAPIA ESPECIAL POR INDIVÍDUO (HORA) AMBULATORIAL C/HNN;130.0;;PCT TEA – PSICOPEDAGOGIA
3B BASLER;OCS;48/2025;2026-06-13;2035-06-13;OUTROS;LOCAL-000620;OCS_LOCAL;Consulta Medica;105.0;;10101187
3B BASLER;OCS;48/2025;2026-06-13;2035-06-13;OUTROS;LOCAL-000621;OCS_LOCAL;Mapeamento de retina;113.92;;41301250
3B BASLER;OCS;48/2025;2026-06-13;2035-06-13;OUTROS;LOCAL-000622;OCS_LOCAL;Microscopia especular;266.24;;41301269
3B BASLER;OCS;48/2025;2026-06-13;2035-06-13;OUTROS;LOCAL-000623;OCS_LOCAL;Ceratoscopia;222.94;;41301080
3B BASLER;OCS;48/2025;2026-06-13;2035-06-13;OUTROS;LOCAL-000624;OCS_LOCAL;Campimetria;184.86;;40103137
3B BASLER;OCS;48/2025;2026-06-13;2035-06-13;OUTROS;LOCAL-000625;OCS_LOCAL;Tonometria;33.34;;41301323
3B BASLER;OCS;48/2025;2026-06-13;2035-06-13;OUTROS;LOCAL-000626;OCS_LOCAL;Paquimetria;119.44;;41501128
3B BASLER;OCS;48/2025;2026-06-13;2035-06-13;OUTROS;LOCAL-000627;OCS_LOCAL;Biometria óptica;395.32;;30306044
3B BASLER;OCS;48/2025;2026-06-13;2035-06-13;OUTROS;LOCAL-000628;OCS_LOCAL;Biometria ultrassônica;177.88;;41501012
3B BASLER;OCS;48/2025;2026-06-13;2035-06-13;OUTROS;LOCAL-000629;OCS_LOCAL;Curva tensional diária;81.41;;41301129
3B BASLER;OCS;48/2025;2026-06-13;2035-06-13;OUTROS;LOCAL-000630;OCS_LOCAL;Teste de sensibilidade;63.2;;41401271
3B BASLER;OCS;48/2025;2026-06-13;2035-06-13;OUTROS;LOCAL-000631;OCS_LOCAL;Gonioscopia;32.2;;41301242
3B BASLER;OCS;48/2025;2026-06-13;2035-06-13;OUTROS;LOCAL-000632;OCS_LOCAL;Retinografia;122.78;;41301315
3B BASLER;OCS;48/2025;2026-06-13;2035-06-13;OUTROS;LOCAL-000633;OCS_LOCAL;Angiofluoresceinografia;345.34;;41301013
3B BASLER;OCS;48/2025;2026-06-13;2035-06-13;OUTROS;LOCAL-000634;OCS_LOCAL;Avaliação de vias lacrimais;77.48;;41301170
3B BASLER;OCS;48/2025;2026-06-13;2035-06-13;OUTROS;LOCAL-000635;OCS_LOCAL;Teste do reflexo vermelho;53.66;;41301471
3B BASLER;OCS;48/2025;2026-06-13;2035-06-13;OUTROS;LOCAL-000636;OCS_LOCAL;Tomografia de coerência óptica;426.48;;41501144
3B BASLER;OCS;48/2025;2026-06-13;2035-06-13;OUTROS;LOCAL-000637;OCS_LOCAL;Facetomia;3822.0;;Descrição
3B BASLER;OCS;48/2025;2026-06-13;2035-06-13;OUTROS;LOCAL-000638;OCS_LOCAL;Refrativa;4411.05;;Descrição
3B BASLER;OCS;48/2025;2026-06-13;2035-06-13;OUTROS;LOCAL-000639;OCS_LOCAL;Cross linking;3990.0;;Descrição
3B BASLER;OCS;48/2025;2026-06-13;2035-06-13;OUTROS;LOCAL-000640;OCS_LOCAL;Implante de anel intra-estronal;4100.0;;Descrição
SINAPSE;OCS;20/24;2025-09-11;2035-08-11;OUTROS;LOCAL-000641;OCS_LOCAL;NEUROPSICOLÓGICA (CONS-SADT-C/HON);1100.0;;PCT AVALIAÇÃO
SINAPSE;OCS;20/24;2025-09-11;2035-08-11;OUTROS;LOCAL-000642;OCS_LOCAL;PSICOMOTRICIDADE - SESSÃO TERAPIA ESPECIAL POR INDIVÍDUO(HORA) AMBULATORIAL C/HNN);130.0;;PCT TEA –
SINAPSE;OCS;20/24;2025-09-11;2035-08-11;OUTROS;LOCAL-000643;OCS_LOCAL;SESSÃOFONOAUDIOLOGIA PORSESSÃO/HORA (SADT – C/HMN);130.0;;PCT TEA
SINAPSE;OCS;20/24;2025-09-11;2035-08-11;OUTROS;LOCAL-000644;OCS_LOCAL;SESSÃO PSICOLOGIA POR SESSÃO/HORA (SADT – C/HNN);130.0;;PCT TEA
SINAPSE;OCS;20/24;2025-09-11;2035-08-11;OUTROS;LOCAL-000645;OCS_LOCAL;SESSÃO TERAPIA OCUPACIONAL POR SESSÃO/HORA (SADT – C/HNN);130.0;;PCT TEA
SINAPSE;OCS;20/24;2025-09-11;2035-08-11;OUTROS;LOCAL-000646;OCS_LOCAL;SESSÃO TERAPIA ESPECIAL POR INDIVÍDUO (HORA) AMBULATORIAL C/HNN;130.0;;PCT TEA – PSICOPEDAGOGIA
